Recency,Frequency,Monetary,CustomerID,Clusters
1.0,132.06038055500005,173.83751516262612,12347.0,0.0
74.0,90.38726428688683,63.54471154143375,12348.0,1.0
18.0,48.71414801877361,105.58948682287802,12349.0,1.0
309.0,48.71414801877361,59.54521675555356,12350.0,2.0
34.99999999999999,145.9514193110378,134.54921379189943,12352.0,0.0
203.0,48.71414801877361,51.06960345283337,12353.0,2.0
231.0,48.71414801877361,79.66150123817927,12354.0,2.0
213.0,48.71414801877361,57.127560149235656,12355.0,2.0
22.0,76.49622553084909,116.60847487544464,12356.0,1.0
32.0,48.71414801877361,197.44869495944195,12357.0,1.0
1.0,62.605186774811344,87.8532125794147,12358.0,1.0
57.0,90.38726428688683,268.0915848575055,12359.0,0.0
51.0,76.49622553084909,139.12963692232628,12360.0,1.0
286.0,48.71414801877361,54.55448276108304,12361.0,2.0
2.0,173.73349682311328,226.16976468346826,12362.0,0.0
109.0,62.605186774811344,66.37682356597757,12363.0,1.0
7.0,90.38726428688683,90.58723682164506,12364.0,1.0
290.0,62.605186774811344,70.14767711280314,12365.0,2.0
3.0,48.71414801877361,53.394007590050435,12367.0,1.0
50.0,90.38726428688683,148.83652819669265,12370.0,1.0
44.0,62.605186774811344,108.34250693844373,12371.0,1.0
71.0,76.49622553084909,86.67270539650119,12372.0,1.0
310.0,48.71414801877361,59.70754512769205,12373.0,2.0
24.0,48.71414801877361,73.65500608954002,12374.0,1.0
10.0,62.605186774811344,61.64167041274637,12375.0,1.0
314.0,62.605186774811344,104.22765539449065,12377.0,2.0
129.0,48.71414801877361,180.46051274587643,12378.0,1.0
81.0,62.605186774811344,76.02120114809489,12379.0,1.0
21.0,90.38726428688683,126.32261911962998,12380.0,1.0
4.0,104.27830304292458,110.9207650193242,12381.0,1.0
184.0,104.27830304292458,106.00014306643688,12383.0,2.0
28.0,62.605186774811344,68.20975265308174,12384.0,1.0
366.0,48.71414801877361,55.44556191026878,12386.0,2.0
15.0,118.16934179896232,135.5010797357583,12388.0,1.0
79.0,48.71414801877361,66.17788496522914,12390.0,1.0
21.0,48.71414801877361,63.71083908823931,12391.0,1.0
71.0,90.38726428688683,89.216770905378,12393.0,1.0
63.0,62.605186774811344,66.75259647850241,12394.0,1.0
18.0,201.51557433518877,133.25853054364086,12395.0,0.0
34.99999999999999,62.605186774811344,129.9356342280145,12397.0,1.0
45.0,48.71414801877361,103.15766965643739,12398.0,1.0
118.0,90.38726428688683,75.76941948152263,12399.0,1.0
302.0,48.71414801877361,50.90727508069488,12401.0,2.0
322.0,48.71414801877361,55.787487630305165,12402.0,2.0
49.0,48.71414801877361,52.44766771843458,12403.0,1.0
148.0,48.71414801877361,102.77533453312398,12405.0,2.0
21.0,62.605186774811344,153.37723268287286,12406.0,1.0
49.0,104.27830304292458,96.94843673238265,12407.0,1.0
32.0,104.27830304292458,128.39696848785073,12408.0,1.0
78.0,76.49622553084909,167.2342042117415,12409.0,1.0
308.0,62.605186774811344,71.9419236942062,12410.0,2.0
74.0,76.49622553084909,89.4081111567923,12412.0,1.0
66.0,76.49622553084909,74.17894681408063,12413.0,1.0
216.0,76.49622553084909,64.00924698936197,12414.0,2.0
24.0,201.51557433518877,333.1310375011545,12415.0,0.0
2.0,159.84245806707554,169.61421445090394,12417.0,0.0
112.0,48.71414801877361,70.60634110897315,12418.0,1.0
63.0,48.71414801877361,67.68753882611706,12420.0,1.0
15.0,90.38726428688683,75.2226837089796,12421.0,1.0
95.0,76.49622553084909,75.74904209012652,12422.0,1.0
0.0,145.9514193110378,112.21248440612831,12423.0,1.0
162.0,62.605186774811344,72.30077301048681,12424.0,2.0
77.0,48.71414801877361,68.04984193754956,12425.0,1.0
194.0,48.71414801877361,68.12202625622392,12426.0,2.0
21.0,76.49622553084909,74.42831082404658,12427.0,1.0
25.0,159.84245806707554,309.8997751710458,12428.0,0.0
8.0,90.38726428688683,158.40803070110525,12429.0,1.0
42.0,48.71414801877361,56.85125653708504,12430.0,1.0
59.0,215.40661309122657,213.54130809012423,12431.0,0.0
42.0,104.27830304292458,176.52111399563898,12432.0,0.0
0.0,132.06038055500005,339.89564068563203,12433.0,0.0
84.0,62.605186774811344,75.8381500050451,12434.0,1.0
267.0,48.71414801877361,94.9120791108326,12435.0,2.0
99.0,48.71414801877361,65.57588847025598,12436.0,1.0
1.0,284.8618068714153,199.644617917009,12437.0,0.0
13.0,62.605186774811344,146.98736627237466,12438.0,1.0
366.0,48.71414801877361,53.9897872537502,12441.0,2.0
2.0,48.71414801877361,53.938325705987154,12442.0,1.0
20.0,104.27830304292458,220.87406057708648,12444.0,0.0
21.0,48.71414801877361,52.6030885002693,12445.0,1.0
57.0,48.71414801877361,82.61345995449342,12446.0,1.0
242.0,48.71414801877361,64.45271428686371,12447.0,2.0
43.0,48.71414801877361,63.51880807779463,12448.0,1.0
21.0,90.38726428688683,188.47159060066838,12449.0,0.0
155.0,62.605186774811344,52.550590813960675,12450.0,2.0
10.0,104.27830304292458,282.05113410238505,12451.0,0.0
16.0,62.605186774811344,62.866731553119166,12452.0,1.0
133.0,48.71414801877361,72.41716590710527,12453.0,1.0
55.0,48.71414801877361,68.08645216615952,12454.0,1.0
72.0,118.16934179896232,96.2404087262467,12455.0,1.0
43.0,76.49622553084909,146.0641668282764,12456.0,1.0
84.0,90.38726428688683,100.92617260880597,12457.0,1.0
70.0,62.605186774811344,76.43358428922967,12458.0,1.0
93.0,62.605186774811344,76.55446711954558,12461.0,1.0
18.0,62.605186774811344,87.78862661007449,12462.0,1.0
52.0,90.38726428688683,94.44167221114617,12463.0,1.0
9.0,145.9514193110378,89.85744990605224,12464.0,1.0
16.0,62.605186774811344,72.22029958344795,12465.0,1.0
187.0,62.605186774811344,72.38435485316238,12468.0,2.0
31.000000000000007,132.06038055500005,258.5228453892144,,
28.0,104.27830304292458,175.96816139182255,12472.0,0.0
16.0,284.8618068714153,295.31336210609953,12473.0,0.0
53.0,48.71414801877361,70.91649191361222,12474.0,0.0
15.0,187.62453557915103,267.1797829374085,12475.0,1.0
3.0,48.71414801877361,71.51572537246388,12476.0,0.0
10.0,48.71414801877361,66.20413380838345,,
27.0,90.38726428688683,145.97264125675153,12478.0,1.0
22.0,173.73349682311328,213.5050432410295,12479.0,1.0
16.0,145.9514193110378,119.16255639026191,12480.0,1.0
32.0,118.16934179896232,201.28482523463805,12481.0,0.0
9.0,76.49622553084909,90.79722756687953,12483.0,1.0
335.0,48.71414801877361,59.56352186985854,12484.0,0.0
4.0,173.73349682311328,218.18528105134578,12488.0,1.0
38.0,48.71414801877361,62.28062251584468,12489.0,2.0
62.0,62.605186774811344,57.086459986928254,12490.0,0.0
165.0,62.605186774811344,61.9442228680513,12491.0,1.0
15.0,132.06038055500005,91.03346715526831,12492.0,1.0
81.0,48.71414801877361,51.808715615336276,12493.0,2.0
20.0,76.49622553084909,61.93869679580828,12494.0,1.0
22.0,187.62453557915103,74.90562531403677,12497.0,1.0
336.0,48.71414801877361,121.910741192615,12498.0,1.0
95.0,104.27830304292458,175.20141886810458,12500.0,1.0
17.0,62.605186774811344,64.64474529730839,12501.0,2.0
232.0,48.71414801877361,50.53426520429155,12502.0,1.0
133.0,76.49622553084909,71.00663596707636,12504.0,1.0
25.0,62.605186774811344,61.751155719061046,12506.0,2.0
283.0,48.71414801877361,54.09167421073075,12507.0,1.0
142.0,62.605186774811344,76.31166532036822,12508.0,1.0
65.0,62.605186774811344,52.762999215801464,12509.0,2.0
112.0,48.71414801877361,69.14296810312044,12510.0,1.0
266.0,48.71414801877361,83.1443082693378,12512.0,1.0
352.0,48.71414801877361,61.24793776543174,12513.0,1.0
77.0,62.605186774811344,61.68933278584235,12514.0,2.0
27.0,104.27830304292458,134.4386923470392,12515.0,2.0
0.0,104.27830304292458,119.03649286721819,12516.0,1.0
63.0,48.71414801877361,59.76764116333481,12517.0,1.0
78.0,104.27830304292458,138.97766993564346,12518.0,1.0
142.0,48.71414801877361,68.70744453446804,12519.0,1.0
38.0,62.605186774811344,54.51372797829082,12520.0,1.0
18.0,187.62453557915103,109.11443015488953,12521.0,1.0
8.0,145.9514193110378,135.88997706986032,12522.0,1.0
0.0,76.49622553084909,93.47046501443675,12523.0,0.0
81.0,76.49622553084909,60.039454841787986,12524.0,0.0
8.0,118.16934179896232,114.77416427027973,12526.0,1.0
59.0,90.38726428688683,97.06793804463778,12527.0,1.0
14.0,48.71414801877361,52.320568056845296,12528.0,1.0
29.0,48.71414801877361,60.07813734748906,12530.0,1.0
130.0,48.71414801877361,85.61377180293394,12531.0,1.0
91.0,62.605186774811344,72.7369873381696,12532.0,1.0
28.0,48.71414801877361,60.565813222934906,12534.0,1.0
21.0,90.38726428688683,240.31512810751912,12535.0,1.0
29.0,76.49622553084909,80.8268117224245,,
34.99999999999999,48.71414801877361,60.868020298724645,12538.0,1.0
74.0,62.605186774811344,82.06223424825295,12539.0,0.0
46.0,62.605186774811344,87.71367925527863,,
197.0,62.605186774811344,55.172712093270036,12541.0,1.0
165.0,48.71414801877361,51.283738752250095,12544.0,1.0
78.0,48.71414801877361,81.31897753156778,12545.0,1.0
357.0,48.71414801877361,53.79810162282072,12546.0,1.0
38.0,62.605186774811344,63.11713170163067,12547.0,2.0
7.0,173.73349682311328,168.2810495222772,12548.0,2.0
49.0,62.605186774811344,68.84663247908891,12550.0,1.0
7.0,48.71414801877361,54.733389349950556,12551.0,2.0
319.0,48.71414801877361,61.11703892917538,12552.0,1.0
4.0,76.49622553084909,120.290911266382,12553.0,0.0
302.0,48.71414801877361,56.245115487929624,12556.0,1.0
7.0,132.06038055500005,167.1495862305204,12558.0,1.0
260.0,48.71414801877361,63.77611581660989,12559.0,2.0
288.0,48.71414801877361,53.03550365328502,12560.0,1.0
85.0,48.71414801877361,59.49444596682089,12561.0,2.0
22.0,173.73349682311328,368.1169462511809,12562.0,0.0
38.99999999999999,62.605186774811344,64.8975631024262,12564.0,2.0
8.0,62.605186774811344,81.43606118721661,12565.0,2.0
226.0,48.71414801877361,53.540448504490264,12566.0,1.0
315.0,48.71414801877361,55.540541276945554,12567.0,0.0
34.99999999999999,104.27830304292458,92.79524806224367,,
34.0,76.49622553084909,70.71479027674226,12571.0,1.0
20.0,62.605186774811344,143.70418860099494,12572.0,1.0
77.0,48.71414801877361,63.206930375579624,12573.0,2.0
246.0,48.71414801877361,62.35315221403421,12574.0,2.0
38.99999999999999,48.71414801877361,54.82422416244508,12576.0,1.0
238.0,62.605186774811344,64.36395175146033,12577.0,1.0
2.0,243.18869060330204,260.6438209919856,12578.0,1.0
3.0,159.84245806707554,128.75063711140353,12579.0,1.0
233.0,62.605186774811344,109.94644940697808,12580.0,2.0
16.0,48.71414801877361,54.797629939775575,12581.0,1.0
7.0,48.71414801877361,52.96919078636886,12582.0,2.0
38.0,48.71414801877361,55.417931549053705,12583.0,0.0
28.0,62.605186774811344,70.3307282558529,12584.0,0.0
210.0,62.605186774811344,105.86958960969571,12585.0,2.0
316.0,48.71414801877361,63.63623711295864,12586.0,1.0
91.0,62.605186774811344,61.348097824836344,12587.0,1.0
108.0,76.49622553084909,62.43604329767939,12588.0,1.0
46.0,159.84245806707554,148.16545579868188,12589.0,1.0
50.0,62.605186774811344,65.5779607473471,12590.0,2.0
18.0,90.38726428688683,173.94941812554708,12591.0,2.0
9.0,145.9514193110378,138.9196461770918,12592.0,1.0
28.0,132.06038055500005,79.36931016832999,12593.0,1.0
28.0,173.73349682311328,126.88800538599318,12594.0,0.0
189.0,104.27830304292458,65.31512693628883,12596.0,1.0
58.0,48.71414801877361,53.28417690422057,12597.0,1.0
21.0,48.71414801877361,52.34750765902998,12598.0,0.0
78.0,62.605186774811344,56.77458228471325,12599.0,1.0
59.0,48.71414801877361,101.74057750561991,12600.0,0.0
77.0,76.49622553084909,85.62171553178328,12601.0,2.0
22.0,104.27830304292458,120.50953649949618,12602.0,1.0
51.0,48.71414801877361,84.23708905539348,12603.0,1.0
73.0,48.71414801877361,71.82691231564851,12604.0,1.0
56.0,104.27830304292458,159.6638306183298,12607.0,1.0
277.0,48.71414801877361,58.89590326699961,12609.0,1.0
1.0,90.38726428688683,115.39273898198194,12610.0,1.0
94.0,62.605186774811344,72.63164658603718,12611.0,1.0
28.0,48.71414801877361,60.27500367114638,12612.0,1.0
21.0,48.71414801877361,54.11964995146099,12613.0,1.0
15.0,159.84245806707554,102.31010832616538,12614.0,2.0
14.0,76.49622553084909,88.95393709431971,12615.0,1.0
231.0,48.71414801877361,54.21601083619852,12616.0,1.0
275.0,48.71414801877361,58.533254776051926,12617.0,1.0
105.0,62.605186774811344,70.13904262492342,12618.0,1.0
211.0,62.605186774811344,125.43741142220244,12619.0,1.0
22.0,159.84245806707554,263.72115247231307,12620.0,1.0
10.0,132.06038055500005,196.71787190530358,,
3.0,76.49622553084909,73.43154554321322,12622.0,2.0
9.0,62.605186774811344,91.88931759390485,12623.0,2.0
56.0,48.71414801877361,70.11728371546656,12624.0,1.0
58.0,90.38726428688683,106.72198625318036,12625.0,2.0
89.0,62.605186774811344,105.15396325422562,12626.0,0.0
66.0,145.9514193110378,253.29414490877917,12627.0,0.0
32.0,48.71414801877361,70.73033235492574,12628.0,1.0
238.0,48.71414801877361,64.78462400095965,12630.0,1.0
23.0,76.49622553084909,88.56331286264178,12631.0,1.0
114.0,48.71414801877361,54.41633095500773,12633.0,1.0
24.0,76.49622553084909,79.27398542213803,12635.0,1.0
127.0,118.16934179896232,60.92259026212439,12637.0,0.0
129.0,48.71414801877361,64.01684533869611,12638.0,1.0
33.0,90.38726428688683,101.53576745311328,12639.0,2.0
4.0,62.605186774811344,79.6397423287224,12640.0,1.0
21.0,201.51557433518877,146.4503011262569,12641.0,1.0
154.0,48.71414801877361,58.98052124822074,12642.0,1.0
106.0,76.49622553084909,67.58047117640871,12643.0,1.0
2.0,48.71414801877361,58.855839243237774,12644.0,1.0
334.0,48.71414801877361,51.93305224080405,12645.0,1.0
330.0,48.71414801877361,79.76995040594838,12646.0,1.0
148.0,62.605186774811344,89.55904200492958,12647.0,0.0
10.0,104.27830304292458,68.78688182296133,12648.0,2.0
16.0,104.27830304292458,143.17713946081764,12649.0,1.0
10.0,90.38726428688683,92.79490268272849,12650.0,1.0
18.0,48.71414801877361,71.69048740714913,12651.0,2.0
29.0,48.71414801877361,50.19233948425516,12652.0,2.0
10.0,48.71414801877361,55.652789619381736,12653.0,2.0
0.0,187.62453557915103,180.52406257667104,12654.0,1.0
7.0,159.84245806707554,78.96936068974196,12656.0,1.0
324.0,48.71414801877361,50.171616713343866,12657.0,1.0
57.0,48.71414801877361,69.41374564302805,12658.0,1.0
11.0,90.38726428688683,173.09045927127386,12659.0,1.0
150.0,76.49622553084909,142.50779396038277,12660.0,1.0
9.0,104.27830304292458,137.2407563537616,12662.0,0.0
329.0,48.71414801877361,55.79784901576081,12664.0,1.0
4.0,62.605186774811344,68.86424683436351,12665.0,2.0
38.0,90.38726428688683,106.72889384348413,12667.0,1.0
24.0,118.16934179896232,91.90693194917945,12668.0,1.0
42.0,187.62453557915103,144.1804669524396,12669.0,1.0
58.0,90.38726428688683,78.5293471873921,12670.0,1.0
0.0,90.38726428688683,77.3105028782927,12672.0,2.0
3.0,243.18869060330204,296.5449854572609,12673.0,1.0
7.0,132.06038055500005,112.69187117320965,12674.0,1.0
27.0,118.16934179896232,146.40816482540393,12676.0,1.0
371.0,48.71414801877361,51.07443876604601,12678.0,0.0
113.0,48.71414801877361,174.36629120037935,12679.0,1.0
25.0,62.605186774811344,91.08561946206173,12680.0,1.0
205.0,48.71414801877361,61.43133428799672,,
27.0,118.16934179896232,76.24777011005838,,
126.0,90.38726428688683,77.55710385213712,12683.0,0.0
69.0,62.605186774811344,76.41596993395508,12684.0,1.0
6.0,90.38726428688683,67.61535450744272,12685.0,1.0
28.0,76.49622553084909,78.27549324372873,12686.0,2.0
7.0,90.38726428688683,209.8713053617337,12688.0,1.0
79.0,62.605186774811344,75.28588816025905,12689.0,1.0
19.0,48.71414801877361,55.5595371502809,12690.0,2.0
70.0,48.71414801877361,57.7889619208212,12691.0,1.0
6.0,145.9514193110378,117.5786459336085,12693.0,1.0
14.0,159.84245806707554,271.9000847714866,12694.0,1.0
291.0,48.71414801877361,68.83661647314845,12695.0,1.0
29.0,173.73349682311328,141.6940798225992,12697.0,1.0
14.0,243.18869060330204,285.8834652029141,12700.0,0.0
96.0,76.49622553084909,86.87233475628,12701.0,1.0
28.0,215.40661309122657,198.2126744470384,12702.0,1.0
0.0,48.71414801877361,77.30290452895855,12703.0,1.0
8.0,104.27830304292458,202.82521787237778,12704.0,1.0
105.0,48.71414801877361,60.21732529210994,12705.0,0.0
3.0,62.605186774811344,83.90863313644944,12707.0,2.0
150.0,62.605186774811344,83.6036630245382,12708.0,0.0
70.0,48.71414801877361,56.224392717018326,12709.0,0.0
4.0,62.605186774811344,70.27097759972534,12710.0,1.0
2.0,382.09907816367945,236.05107261300472,12712.0,0.0
31.000000000000007,118.16934179896232,137.8389536740677,12713.0,1.0
84.0,90.38726428688683,79.63352549744901,12714.0,0.0
3.0,104.27830304292458,72.55324543608944,12715.0,1.0
4.0,90.38726428688683,83.6185143436913,12716.0,1.0
370.0,48.71414801877361,62.77106142741202,12717.0,2.0
27.0,132.06038055500005,108.37151881771955,12718.0,1.0
10.0,132.06038055500005,179.20609434671258,12719.0,1.0
70.0,90.38726428688683,75.47170233943034,12720.0,0.0
113.0,48.71414801877361,63.641763185201654,12721.0,1.0
179.0,48.71414801877361,54.77414413274278,12722.0,1.0
233.0,48.71414801877361,60.19971093683534,12723.0,1.0
352.0,48.71414801877361,51.808715615336276,12724.0,1.0
314.0,62.605186774811344,74.92047663318985,12725.0,2.0
332.0,48.71414801877361,54.33689366651441,12726.0,1.0
371.0,48.71414801877361,53.36119653610755,12727.0,0.0
77.0,62.605186774811344,81.69095126942555,12728.0,1.0
63.0,48.71414801877361,61.58986348546813,12729.0,1.0
133.0,62.605186774811344,66.86829861609048,,
1.0,187.62453557915103,154.1450113451364,12732.0,2.0
3.0,104.27830304292458,187.2865934840574,12733.0,2.0
128.0,48.71414801877361,57.52405583267179,12734.0,2.0
80.0,48.71414801877361,95.3065025171776,12735.0,2.0
22.0,118.16934179896232,137.1060583428382,12736.0,2.0
276.0,62.605186774811344,50.12395434024788,12738.0,2.0
280.0,48.71414801877361,48.60186681681317,12739.0,1.0
86.0,48.71414801877361,49.75301674093568,12740.0,1.0
15.0,201.51557433518877,292.69020468824465,12743.0,1.0
116.0,62.605186774811344,100.91442970528958,,
51.0,76.49622553084909,100.08033817610989,12747.0,0.0
7.0,62.605186774811344,97.1708611401639,,
368.0,48.71414801877361,59.050633289803955,12749.0,0.0
316.0,48.71414801877361,106.49887108636875,12750.0,1.0
3.0,132.06038055500005,279.41277998586185,12752.0,1.0
238.0,48.71414801877361,87.49332712458852,12753.0,1.0
210.0,48.71414801877361,53.86890442343431,12754.0,2.0
59.0,48.71414801877361,78.81981135966545,12755.0,2.0
16.0,104.27830304292458,90.14722331929521,12756.0,1.0
19.0,118.16934179896232,71.51572537246388,12757.0,0.0
37.0,145.9514193110378,166.52583082609038,12758.0,1.0
63.0,62.605186774811344,69.91143752441435,12759.0,1.0
4.0,104.27830304292458,126.36648231805889,12762.0,1.0
1.0,118.16934179896232,124.39332914778828,12763.0,2.0
8.0,62.605186774811344,67.83501587910246,12764.0,2.0
363.0,48.71414801877361,58.76983974395589,12766.0,0.0
9.0,76.49622553084909,61.85442419410235,12769.0,2.0
64.0,48.71414801877361,51.16803661466202,12770.0,2.0
191.0,48.71414801877361,59.21779697515508,12772.0,1.0
373.0,48.71414801877361,48.51379504044016,12775.0,1.0
256.0,48.71414801877361,61.82955686900878,12778.0,1.0
334.0,62.605186774811344,64.55598276190501,12779.0,0.0
52.0,62.605186774811344,76.15831681562463,12781.0,1.0
18.0,48.71414801877361,62.86362313748248,12782.0,1.0
365.0,48.71414801877361,56.76940159198542,12783.0,1.0
186.0,48.71414801877361,62.763463078077876,12784.0,1.0
36.0,76.49622553084909,64.70000601973852,12785.0,2.0
177.0,48.71414801877361,64.89549082533507,12787.0,1.0
260.0,76.49622553084909,64.96940204158537,12789.0,1.0
44.0,48.71414801877361,55.92702095444123,12790.0,2.0
101.0,48.71414801877361,49.37724382841083,12791.0,2.0
147.0,62.605186774811344,83.84473792613962,12792.0,2.0
95.0,62.605186774811344,67.75834162673067,12793.0,2.0
280.0,48.71414801877361,53.730407237843814,12794.0,1.0
261.0,48.71414801877361,73.80248314252542,12795.0,1.0
2.0,90.38726428688683,79.89566854947691,12797.0,2.0
213.0,48.71414801877361,51.19808463248341,12802.0,2.0
70.0,62.605186774811344,75.83607772795396,12808.0,1.0
59.0,48.71414801877361,61.7114370748144,12809.0,2.0
2.0,132.06038055500005,98.4487653463605,12811.0,2.0
5.0,76.49622553084909,62.85222561348127,12812.0,1.0
2.0,118.16934179896232,83.1798823594022,12814.0,1.0
336.0,62.605186774811344,55.62861305331856,12815.0,2.0
261.0,48.71414801877361,53.18505298336153,12816.0,1.0
31.000000000000007,62.605186774811344,61.224797337914126,12817.0,2.0
144.0,48.71414801877361,62.41117597258584,12818.0,2.0
282.0,48.71414801877361,58.78469106310899,12820.0,1.0
58.0,90.38726428688683,134.9716129389747,12821.0,2.0
172.0,48.71414801877361,52.62726506633247,12822.0,1.0
33.0,62.605186774811344,71.58963658871417,12824.0,1.0
2.0,229.2976518472643,230.61756208006278,12826.0,1.0
143.0,90.38726428688683,142.17277583065015,12827.0,1.0
4.0,382.09907816367945,173.32324506451076,12828.0,1.0
69.0,62.605186774811344,73.50234834382681,12829.0,2.0
65.0,145.9514193110378,103.55140230375203,12831.0,2.0
28.0,62.605186774811344,59.253716444734664,12832.0,1.0
268.0,62.605186774811344,50.47520530719435,12833.0,2.0
21.0,48.71414801877361,70.83878152269486,12834.0,2.0
30.0,62.605186774811344,78.33697079743224,12836.0,1.0
96.0,48.71414801877361,52.66456605397281,12837.0,2.0
294.0,48.71414801877361,58.756024563348355,12838.0,1.0
134.0,118.16934179896232,108.22645942134048,12839.0,0.0
78.0,76.49622553084909,89.07171150899892,12840.0,1.0
372.0,48.71414801877361,49.31162172052507,12841.0,0.0
7.0,118.16934179896232,121.87689400012655,12842.0,1.0
210.0,62.605186774811344,86.20851532808815,12843.0,1.0
51.0,48.71414801877361,51.76727007351368,12844.0,1.0
137.0,48.71414801877361,48.348012873149784,12845.0,2.0
25.0,62.605186774811344,101.46289237540854,12847.0,1.0
282.0,48.71414801877361,67.3065852208644,12849.0,1.0
25.0,132.06038055500005,176.4914113573328,12851.0,1.0
185.0,118.16934179896232,103.50028613550417,12852.0,2.0
83.0,62.605186774811344,52.68736110197523,12853.0,1.0
326.0,62.605186774811344,67.42228735845248,12854.0,1.0
281.0,48.71414801877361,50.344306470937994,12855.0,2.0
57.0,62.605186774811344,98.26295116718921,12856.0,1.0
3.0,201.51557433518877,100.23817661455094,12857.0,2.0
235.0,62.605186774811344,77.52532893673981,12863.0,1.0
44.0,76.49622553084909,55.61687014980216,12864.0,1.0
275.0,48.71414801877361,58.28803532026825,12865.0,1.0
8.0,62.605186774811344,82.37480270949833,12866.0,2.0
24.0,90.38726428688683,72.2921385226071,12867.0,0.0
87.0,48.71414801877361,58.66967968455129,12868.0,2.0
62.0,76.49622553084909,88.58541715161384,12871.0,1.0
67.0,62.605186774811344,93.58444025444888,12872.0,2.0
213.0,62.605186774811344,60.22630515950483,12873.0,2.0
23.0,48.71414801877361,60.90014059363715,12876.0,1.0
30.0,48.71414801877361,54.4936959664099,12877.0,0.0
41.0,62.605186774811344,60.87147409387653,12878.0,2.0
204.0,62.605186774811344,51.46678989529988,12879.0,1.0
9.0,243.18869060330204,93.42522029794708,12881.0,2.0
264.0,48.71414801877361,52.785448884288705,12882.0,1.0
17.0,62.605186774811344,64.53353309341777,12883.0,1.0
11.0,104.27830304292458,89.1017595268203,12884.0,1.0
38.99999999999999,104.27830304292458,110.25487331404119,12885.0,1.0
22.0,145.9514193110378,127.33009116543417,12886.0,1.0
7.0,90.38726428688683,76.82317238236205,12888.0,2.0
4.0,104.27830304292458,86.62469764389002,12890.0,1.0
148.0,62.605186774811344,60.555451837479254,12893.0,1.0
138.0,90.38726428688683,133.50305924039415,12895.0,1.0
7.0,118.16934179896232,90.40522181714084,12897.0,2.0
16.0,48.71414801877361,53.182980706270406,12901.0,0.0
160.0,48.71414801877361,61.02689487571124,12902.0,2.0
63.0,48.71414801877361,54.1079070479446,12904.0,1.0
87.0,90.38726428688683,70.96000973252595,12906.0,1.0
4.0,62.605186774811344,71.48602273415769,12909.0,1.0
34.0,104.27830304292458,108.08278154302215,12910.0,0.0
311.0,48.71414801877361,52.06602335415153,12912.0,1.0
77.0,62.605186774811344,61.89241594077306,12913.0,1.0
66.0,62.605186774811344,49.65907351280447,12915.0,2.0
23.0,76.49622553084909,65.54342279582828,12916.0,1.0
1.0,132.06038055500005,117.2754027192732,12919.0,1.0
16.0,76.49622553084909,79.49088375767626,12920.0,1.0
14.0,90.38726428688683,92.19981377805911,,
25.0,48.71414801877361,51.45711926887461,12922.0,2.0
334.0,48.71414801877361,50.805733503229526,12923.0,1.0
54.0,62.605186774811344,79.23253988031543,12924.0,1.0
130.0,76.49622553084909,71.61623081138366,12925.0,1.0
34.99999999999999,62.605186774811344,68.87426284030397,12928.0,1.0
287.0,48.71414801877361,61.981869235206815,12929.0,2.0
143.0,104.27830304292458,101.0111359695423,12930.0,1.0
15.0,132.06038055500005,118.18755001888542,12931.0,1.0
30.0,145.9514193110378,189.0770408907934,12933.0,1.0
7.0,62.605186774811344,57.811411589308435,12935.0,1.0
8.0,118.16934179896232,84.74652384029619,12936.0,1.0
5.0,90.38726428688683,93.83829419811225,12937.0,1.0
9.0,48.71414801877361,59.3880690761429,12938.0,1.0
0.0,187.62453557915103,164.72225899777723,12939.0,2.0
305.0,48.71414801877361,51.7282421882974,12940.0,1.0
9.0,145.9514193110378,184.40474680932647,12942.0,1.0
6.0,62.605186774811344,57.196290672758124,12944.0,1.0
7.0,145.9514193110378,111.47337224362542,12945.0,2.0
88.0,48.71414801877361,74.65591592455564,12947.0,1.0
9.0,48.71414801877361,53.528014841943495,12948.0,1.0
357.0,62.605186774811344,81.383563500908,12949.0,0.0
111.0,48.71414801877361,52.69116027664231,12950.0,1.0
6.0,90.38726428688683,63.092955135567486,12951.0,1.0
197.0,48.71414801877361,52.99682114758392,12952.0,1.0
211.0,48.71414801877361,58.48144784877368,12953.0,1.0
155.0,48.71414801877361,49.35099498525653,12955.0,0.0
157.0,145.9514193110378,219.40412536044522,12956.0,2.0
29.0,62.605186774811344,60.8514420819956,12957.0,0.0
242.0,48.71414801877361,60.99926451449618,12962.0,1.0
18.0,48.71414801877361,51.3631760407434,12963.0,1.0
0.0,62.605186774811344,84.21982007963408,12965.0,1.0
73.0,62.605186774811344,67.2920792812265,12966.0,1.0
291.0,48.71414801877361,66.48458197471632,12967.0,2.0
2.0,173.73349682311328,107.37440815737101,12968.0,1.0
30.0,76.49622553084909,60.11854675076609,12970.0,1.0
22.0,62.605186774811344,63.92670128523198,,
22.0,90.38726428688683,62.32068653960651,12974.0,2.0
3.0,76.49622553084909,81.65019648663333,12976.0,2.0
21.0,90.38726428688683,83.75942918588811,12977.0,2.0
195.0,76.49622553084909,61.85511495313272,12980.0,0.0
259.0,62.605186774811344,63.18586222515313,12981.0,1.0
3.0,215.40661309122657,226.76416282910725,12982.0,2.0
317.0,48.71414801877361,52.1730910038599,12984.0,1.0
150.0,62.605186774811344,51.07133035040931,12985.0,1.0
11.0,284.8618068714153,237.75103058676137,12987.0,1.0
173.0,62.605186774811344,65.73787146287928,12988.0,2.0
55.0,48.71414801877361,50.81298647304848,12989.0,0.0
322.0,48.71414801877361,55.92114950268302,12990.0,1.0
371.0,48.71414801877361,49.74161921693447,12991.0,1.0
8.0,145.9514193110378,104.90736228038118,12993.0,1.0
0.0,215.40661309122657,208.73880593143136,12994.0,1.0
10.0,173.73349682311328,164.97853059804694,12997.0,1.0
52.0,104.27830304292458,162.7197485687156,12999.0,2.0
72.0,76.49622553084909,75.27690829286416,13000.0,2.0
15.0,423.77219443179274,288.89172078020397,13001.0,0.0
3.0,159.84245806707554,129.44519531644715,13002.0,2.0
63.0,62.605186774811344,71.33854568117229,13003.0,2.0
0.0,90.38726428688683,59.80356063291438,13004.0,0.0
22.0,62.605186774811344,69.1826867473671,13005.0,2.0
30.0,62.605186774811344,77.87105383144326,13006.0,1.0
10.0,62.605186774811344,75.6081272479297,13008.0,2.0
51.0,62.605186774811344,82.88527363294659,13011.0,2.0
356.0,48.71414801877361,54.57693242957027,13012.0,1.0
54.0,62.605186774811344,70.19568486541431,13013.0,0.0
73.0,62.605186774811344,60.056378438032205,13014.0,0.0
137.0,76.49622553084909,78.42607871235082,13015.0,1.0
79.0,76.49622553084909,79.3720732044515,13016.0,1.0
8.0,62.605186774811344,71.37757356638856,13018.0,0.0
272.0,48.71414801877361,59.29999729976989,13021.0,0.0
290.0,48.71414801877361,67.35321145541482,13023.0,1.0
98.0,48.71414801877361,58.53947160732531,13026.0,1.0
30.0,62.605186774811344,69.73080403797088,13028.0,1.0
31.000000000000007,173.73349682311328,157.94591290978335,13029.0,1.0
13.0,90.38726428688683,111.01263597036426,13030.0,1.0
63.0,62.605186774811344,64.54216758129748,13032.0,1.0
14.0,270.9707681153775,238.7964943792363,13033.0,2.0
211.0,48.71414801877361,58.186148363287714,13034.0,1.0
77.0,76.49622553084909,88.52981104966852,13035.0,1.0
24.0,76.49622553084909,57.36932580986745,13037.0,1.0
249.0,48.71414801877361,54.32998607621066,13038.0,1.0
253.0,48.71414801877361,58.61718199824268,13040.0,1.0
71.0,48.71414801877361,56.58220589475338,13043.0,2.0
190.0,48.71414801877361,57.89084887780174,13044.0,2.0
12.0,90.38726428688683,85.45455184643215,13045.0,1.0
372.0,48.71414801877361,55.10570846732351,13046.0,1.0
23.0,62.605186774811344,64.25619334272159,13047.0,0.0
81.0,48.71414801877361,51.98347765002154,13048.0,1.0
0.0,368.2080394076417,172.1085453095936,13049.0,1.0
191.0,48.71414801877361,55.89800907516541,13050.0,0.0
266.0,48.71414801877361,54.114123879217985,13052.0,2.0
129.0,48.71414801877361,64.47758161195728,13055.0,1.0
0.0,90.38726428688683,70.58561833806186,13058.0,1.0
2.0,395.9901169197172,341.68367043576166,13059.0,2.0
3.0,104.27830304292458,55.597528896951616,13060.0,2.0
178.0,48.71414801877361,50.00168999187123,13061.0,1.0
125.0,159.84245806707554,93.9902611847951,13062.0,2.0
3.0,62.605186774811344,58.48662854150151,13064.0,1.0
157.0,62.605186774811344,58.88485112251359,13065.0,2.0
8.0,229.2976518472643,258.71936633335656,13066.0,1.0
27.0,48.71414801877361,57.703653180569695,13067.0,1.0
70.0,104.27830304292458,64.2116393852623,13069.0,0.0
275.0,145.9514193110378,197.27807747893894,13070.0,2.0
205.0,62.605186774811344,51.6636562189572,13072.0,2.0
70.0,48.71414801877361,50.08458107551642,13075.0,1.0
32.0,173.73349682311328,247.10356247854457,13077.0,1.0
233.0,48.71414801877361,50.601614209753265,13078.0,0.0
0.0,368.2080394076417,244.48524037390231,13079.0,1.0
38.99999999999999,48.71414801877361,56.420913661160455,13080.0,2.0
2.0,90.38726428688683,67.69893635011829,,
132.0,48.71414801877361,50.63787905884803,13082.0,1.0
43.0,90.38726428688683,87.42079742639898,13083.0,1.0
372.0,48.71414801877361,54.81006360232235,13085.0,2.0
59.0,62.605186774811344,74.9249665668873,,
30.0,132.06038055500005,99.41133805519021,13090.0,0.0
0.0,368.2080394076417,248.67987458586384,13091.0,1.0
11.0,90.38726428688683,120.83488400280353,13092.0,1.0
137.0,48.71414801877361,65.3040747918028,13093.0,2.0
21.0,145.9514193110378,80.19718486623627,13094.0,2.0
19.0,104.27830304292458,89.36562947642413,13095.0,1.0
238.0,48.71414801877361,49.052587084133854,13097.0,0.0
268.0,48.71414801877361,57.27296492512992,,
239.0,48.71414801877361,78.56008596424387,13101.0,2.0
89.0,76.49622553084909,167.68112530439515,13102.0,0.0
4.0,145.9514193110378,115.74260843086765,13103.0,1.0
77.0,48.71414801877361,56.946926662792194,13104.0,1.0
93.0,48.71414801877361,50.20615466486269,13106.0,1.0
22.0,76.49622553084909,82.42315584162469,13107.0,1.0
261.0,48.71414801877361,50.665509420063096,13108.0,2.0
273.0,62.605186774811344,51.78799284442497,13109.0,1.0
85.0,90.38726428688683,107.40583769325315,13110.0,1.0
55.0,104.27830304292458,138.0572335276667,13113.0,0.0
10.0,145.9514193110378,173.59264108635762,13115.0,1.0
21.0,118.16934179896232,81.23470492986185,13116.0,1.0
15.0,132.06038055500005,168.27897724518604,13117.0,1.0
107.0,76.49622553084909,62.63014658521521,13118.0,1.0
84.0,104.27830304292458,129.10568725301707,13120.0,2.0
18.0,48.71414801877361,56.4841181124399,13121.0,2.0
332.0,48.71414801877361,51.827711488671625,13122.0,2.0
38.99999999999999,90.38726428688683,68.46291583771475,13124.0,1.0
25.0,48.71414801877361,55.901808249832484,13126.0,1.0
42.0,62.605186774811344,56.201943048531085,13127.0,1.0
28.0,201.51557433518877,172.008385250189,13130.0,1.0
13.0,90.38726428688683,98.5309656709753,13131.0,1.0
295.0,48.71414801877361,90.38311752816878,13132.0,2.0
5.0,48.71414801877361,52.84692643799222,13133.0,2.0
32.0,90.38726428688683,81.55832553559326,13134.0,1.0
48.0,90.38726428688683,100.35456951116939,13136.0,1.0
94.0,90.38726428688683,89.216770905378,13137.0,0.0
8.0,90.38726428688683,96.77332931818219,13138.0,1.0
21.0,48.71414801877361,51.16630971708609,13139.0,0.0
312.0,48.71414801877361,51.88987980140552,13140.0,1.0
121.0,90.38726428688683,89.30138888659913,13141.0,1.0
45.0,62.605186774811344,60.059141474153705,13142.0,1.0
282.0,48.71414801877361,62.40495914131245,13144.0,2.0
18.0,90.38726428688683,69.60301361735122,13145.0,1.0
34.99999999999999,90.38726428688683,93.55784603177939,13146.0,1.0
63.0,62.605186774811344,70.8287655167544,13147.0,1.0
26.0,48.71414801877361,51.76623393496811,13148.0,0.0
21.0,76.49622553084909,64.1736476385916,13149.0,1.0
3.0,62.605186774811344,59.74588225387795,13151.0,2.0
15.0,76.49622553084909,143.2665927552514,13153.0,1.0
45.0,48.71414801877361,61.77222386948753,13155.0,1.0
64.0,48.71414801877361,57.75097017415049,13157.0,1.0
25.0,187.62453557915103,212.4153708706105,13158.0,1.0
44.0,48.71414801877361,52.18103473270923,13159.0,1.0
7.0,159.84245806707554,92.16216741090358,13160.0,1.0
14.0,173.73349682311328,99.25729879141625,13161.0,2.0
267.0,48.71414801877361,50.461735506102016,13162.0,1.0
38.99999999999999,76.49622553084909,101.9706002627353,13165.0,1.0
336.0,48.71414801877361,56.14737308513134,13166.0,2.0
10.0,48.71414801877361,51.953775011715344,13167.0,1.0
18.0,62.605186774811344,53.77323429772716,13168.0,1.0
94.0,62.605186774811344,79.49226527573701,13169.0,1.0
60.0,48.71414801877361,52.06705949269709,13170.0,1.0
135.0,48.71414801877361,50.09217942485056,13171.0,1.0
10.0,90.38726428688683,110.08736424917488,13173.0,1.0
9.0,118.16934179896232,163.44919010479327,13174.0,1.0
7.0,326.5349231395285,176.9466215583509,13176.0,1.0
18.0,90.38726428688683,73.08996520269201,13177.0,1.0
9.0,90.38726428688683,77.30394066750412,13178.0,0.0
14.0,62.605186774811344,56.63919351475944,13182.0,1.0
58.0,118.16934179896232,88.71251681320312,13183.0,1.0
29.0,132.06038055500005,229.97653769987338,13184.0,0.0
93.0,48.71414801877361,58.115345562674115,13185.0,2.0
9.0,76.49622553084909,64.6920622908892,13186.0,1.0
19.0,76.49622553084909,75.21439460061508,13187.0,2.0
56.0,104.27830304292458,94.22753691172944,13188.0,1.0
267.0,48.71414801877361,48.35837425860544,13189.0,1.0
121.0,48.71414801877361,49.79239000566714,13192.0,1.0
126.0,48.71414801877361,49.95609989586638,13193.0,1.0
77.0,90.38726428688683,76.29232406751768,13194.0,1.0
239.0,62.605186774811344,77.2635312642271,13196.0,1.0
199.0,48.71414801877361,50.150893942432575,13198.0,0.0
59.0,62.605186774811344,113.37330495667611,13199.0,0.0
272.0,48.71414801877361,51.73307750151004,13200.0,1.0
201.0,48.71414801877361,56.89615587405952,13203.0,1.0
225.0,48.71414801877361,53.55460906461299,13207.0,1.0
3.0,229.2976518472643,142.9160325473353,13208.0,1.0
12.0,132.06038055500005,92.59665484101042,13209.0,0.0
73.0,62.605186774811344,64.4772362324421,13210.0,1.0
211.0,48.71414801877361,80.99570230535156,13211.0,1.0
24.0,62.605186774811344,72.01790718754762,13212.0,1.0
22.0,76.49622553084909,68.6055575774875,13213.0,1.0
261.0,48.71414801877361,58.08495216533755,13216.0,2.0
95.0,90.38726428688683,70.91683729312741,13217.0,1.0
111.0,76.49622553084909,57.334787858348626,13218.0,1.0
202.0,48.71414801877361,68.72091433556038,13220.0,1.0
92.0,48.71414801877361,52.20037598555977,13221.0,2.0
50.0,48.71414801877361,62.864313896512854,13223.0,2.0
17.0,118.16934179896232,80.03865566876486,13224.0,1.0
17.0,90.38726428688683,64.3915821126754,13226.0,2.0
124.0,62.605186774811344,63.43280857851275,13227.0,2.0
92.0,48.71414801877361,52.40725831515755,13229.0,2.0
156.0,62.605186774811344,62.500283887504416,13230.0,0.0
8.0,62.605186774811344,58.68556714224995,13232.0,1.0
11.0,76.49622553084909,67.30174990765177,13233.0,1.0
61.0,48.71414801877361,58.091859755641316,13235.0,2.0
60.0,48.71414801877361,61.1519222602094,13236.0,1.0
268.0,62.605186774811344,74.67629331595175,13238.0,1.0
262.0,48.71414801877361,54.91333207736364,13239.0,2.0
52.0,104.27830304292458,99.72045272128372,13240.0,1.0
10.0,201.51557433518877,132.33947565372486,13242.0,1.0
2.0,298.752845627453,200.56678122256164,13243.0,2.0
17.0,173.73349682311328,148.7826489923233,13244.0,1.0
0.0,243.18869060330204,212.20676164343678,13245.0,1.0
36.0,48.71414801877361,55.5035856688204,13246.0,1.0
30.0,62.605186774811344,57.5475416397046,13247.0,1.0
112.0,48.71414801877361,52.43523405588779,13248.0,1.0
63.0,62.605186774811344,68.4052374586783,13249.0,1.0
15.0,76.49622553084909,53.50107523975881,13253.0,2.0
40.0,48.71414801877361,64.39469052831208,13255.0,1.0
77.0,48.71414801877361,52.753328589376196,13258.0,1.0
121.0,76.49622553084909,75.87821402880694,13259.0,1.0
17.0,76.49622553084909,87.09752220018277,13260.0,1.0
59.0,62.605186774811344,51.230550306911105,13261.0,2.0
330.0,48.71414801877361,54.94441623373059,13262.0,2.0
22.0,90.38726428688683,141.56318098634284,,
155.0,48.71414801877361,60.467725440621436,13265.0,1.0
38.0,62.605186774811344,66.94669976603822,13266.0,0.0
189.0,62.605186774811344,78.17291552771782,13267.0,0.0
359.0,48.71414801877361,54.94476161324578,13268.0,0.0
136.0,48.71414801877361,51.01434273040325,13269.0,0.0
7.0,90.38726428688683,105.2627578015099,13271.0,1.0
0.0,48.71414801877361,51.1041414043522,13272.0,1.0
267.0,48.71414801877361,52.91738385909062,13273.0,1.0
168.0,48.71414801877361,60.84004455799439,13276.0,1.0
103.0,90.38726428688683,68.28642690545354,13277.0,1.0
154.0,48.71414801877361,50.197520176982984,13278.0,1.0
350.0,48.71414801877361,57.51783900139841,13279.0,1.0
3.0,173.73349682311328,103.00984722393682,13280.0,1.0
119.0,48.71414801877361,48.51379504044016,13282.0,1.0
22.0,76.49622553084909,88.59957771173656,13283.0,1.0
6.0,104.27830304292458,96.33953264710573,13284.0,2.0
27.0,76.49622553084909,87.09372302551569,13285.0,1.0
3.0,62.605186774811344,64.86993274121116,13291.0,2.0
21.0,104.27830304292458,98.94334881211012,13292.0,1.0
1.0,76.49622553084909,74.79510386917651,13294.0,2.0
36.0,90.38726428688683,71.6711461542986,13295.0,2.0
65.0,118.16934179896232,125.1148269550166,13296.0,1.0
0.0,76.49622553084909,66.35057472282327,13297.0,1.0
77.0,90.38726428688683,101.48465128486541,13298.0,1.0
85.0,48.71414801877361,56.942436729094744,13299.0,2.0
16.0,48.71414801877361,54.8853563366334,13300.0,2.0
2.0,104.27830304292458,68.16070876192501,13301.0,1.0
34.99999999999999,159.84245806707554,126.87177254877933,13302.0,2.0
81.0,48.71414801877361,64.273462318481,13304.0,2.0
38.0,145.9514193110378,143.43341106108736,13305.0,0.0
315.0,48.71414801877361,56.13563018161494,13307.0,1.0
31.000000000000007,62.605186774811344,63.326431687834756,13308.0,1.0
92.0,76.49622553084909,82.71776456808028,13309.0,1.0
13.0,48.71414801877361,60.1150929556142,13310.0,1.0
81.0,76.49622553084909,167.33194661453985,13311.0,1.0
76.0,48.71414801877361,74.97677349416554,13313.0,1.0
157.0,48.71414801877361,63.448696036211416,13314.0,1.0
200.0,48.71414801877361,77.70250862803138,13316.0,1.0
44.0,118.16934179896232,132.30148390705415,13317.0,1.0
260.0,48.71414801877361,74.79199545353983,13318.0,1.0
177.0,48.71414801877361,60.202473972956845,,
67.0,76.49622553084909,135.85060380512883,13320.0,1.0
287.0,48.71414801877361,61.448257884240945,13321.0,1.0
69.0,48.71414801877361,54.861870529600594,13322.0,1.0
63.0,48.71414801877361,56.06931731469879,13323.0,1.0
10.0,48.71414801877361,56.537651937294086,13324.0,0.0
15.0,62.605186774811344,81.81252485877182,13325.0,1.0
65.0,48.71414801877361,60.910847358607995,13327.0,0.0
59.0,48.71414801877361,61.741139713120596,13328.0,2.0
70.0,48.71414801877361,72.22099034247833,13329.0,1.0
121.0,48.71414801877361,69.88933323544231,13330.0,1.0
79.0,48.71414801877361,74.52916164248154,13332.0,1.0
256.0,48.71414801877361,67.65300087459823,13334.0,1.0
268.0,48.71414801877361,62.512372170536,13336.0,1.0
63.0,48.71414801877361,63.17722773727343,13338.0,2.0
8.0,90.38726428688683,152.6160162313979,13339.0,2.0
17.0,62.605186774811344,81.14317935833695,13340.0,1.0
70.0,48.71414801877361,52.65696770463867,13341.0,2.0
33.0,62.605186774811344,124.8554469391102,13343.0,2.0
256.0,62.605186774811344,69.04591645935254,13344.0,1.0
365.0,48.71414801877361,57.26156740112871,13345.0,2.0
371.0,48.71414801877361,73.58662094553276,13347.0,1.0
89.0,48.71414801877361,61.07317573074648,13348.0,1.0
60.0,76.49622553084909,157.3314827522634,13349.0,1.0
88.0,48.71414801877361,70.71928021043972,13350.0,1.0
98.0,76.49622553084909,83.21614720849696,13351.0,1.0
25.0,76.49622553084909,67.77077528927744,13352.0,1.0
31.000000000000007,118.16934179896232,169.55377303574596,13354.0,1.0
280.0,48.71414801877361,55.69734357684103,13355.0,1.0
30.0,132.06038055500005,156.8217025878455,13356.0,1.0
329.0,48.71414801877361,66.4586785110772,13357.0,2.0
130.0,62.605186774811344,71.38137274105563,13358.0,2.0
10.0,76.49622553084909,75.55562956162109,13359.0,1.0
74.0,48.71414801877361,62.642580247761984,13362.0,1.0
203.0,48.71414801877361,50.06109526848361,13363.0,1.0
1.0,145.9514193110378,118.1264178446971,13364.0,1.0
184.0,48.71414801877361,58.325336307908586,13365.0,1.0
28.0,62.605186774811344,88.68454107247287,13368.0,2.0
72.0,104.27830304292458,95.70679737528081,13369.0,2.0
191.0,48.71414801877361,63.3105442301361,13370.0,2.0
126.0,62.605186774811344,69.45173738969876,13372.0,1.0
17.0,48.71414801877361,49.03186431322257,13373.0,1.0
0.0,62.605186774811344,56.716213146646425,13375.0,1.0
73.0,76.49622553084909,67.7670106525619,13376.0,1.0
23.0,90.38726428688683,68.31578416424453,13379.0,1.0
106.0,48.71414801877361,55.371305314503296,13381.0,0.0
133.0,62.605186774811344,67.63055120611101,13382.0,2.0
43.0,62.605186774811344,72.60401622482212,13384.0,0.0
4.0,62.605186774811344,70.12868123946777,13385.0,2.0
11.0,284.8618068714153,239.01166581719855,13388.0,1.0
63.0,48.71414801877361,55.63068533040968,13389.0,1.0
149.0,62.605186774811344,53.51661731794227,13390.0,1.0
38.99999999999999,62.605186774811344,102.84337429761607,13391.0,2.0
63.0,48.71414801877361,136.8998667722708,13394.0,0.0
107.0,76.49622553084909,87.97858534342804,13395.0,2.0
0.0,173.73349682311328,154.99844412716664,13396.0,1.0
18.0,76.49622553084909,64.06416233227691,13397.0,1.0
9.0,48.71414801877361,55.54123203597592,13398.0,2.0
10.0,90.38726428688683,76.64288427543377,13402.0,1.0
18.0,62.605186774811344,70.17772513062451,13403.0,1.0
66.0,62.605186774811344,82.66837529740836,13404.0,1.0
73.0,62.605186774811344,54.17940060758857,13405.0,1.0
4.0,132.06038055500005,118.26353351222684,,
1.0,48.71414801877361,54.79590304219964,13410.0,1.0
13.0,132.06038055500005,158.65739471107116,13411.0,1.0
254.0,48.71414801877361,57.433911779207655,13414.0,1.0
91.0,48.71414801877361,54.743059976375825,13416.0,1.0
22.0,76.49622553084909,86.99390834562628,13417.0,1.0
16.0,118.16934179896232,165.06314857926805,13418.0,0.0
23.0,48.71414801877361,58.076663056973025,13419.0,1.0
26.0,118.16934179896232,91.94457831633497,13420.0,2.0
25.0,104.27830304292458,149.0244146529551,13421.0,1.0
258.0,62.605186774811344,68.37311716376578,13422.0,1.0
165.0,62.605186774811344,60.32508370084868,13425.0,1.0
24.0,62.605186774811344,84.54862137809332,13426.0,0.0
17.0,118.16934179896232,94.68136559468684,13427.0,1.0
6.0,229.2976518472643,322.5437738425733,13428.0,1.0
28.0,62.605186774811344,54.33136759427141,13429.0,1.0
38.0,76.49622553084909,59.386342178566956,13430.0,1.0
252.0,48.71414801877361,53.22822542276007,13431.0,1.0
57.0,48.71414801877361,71.29779089838007,13434.0,1.0
183.0,48.71414801877361,56.391901781884634,13435.0,1.0
10.0,62.605186774811344,85.42484920812596,13436.0,1.0
98.0,62.605186774811344,53.69448776826423,13437.0,0.0
0.0,90.38726428688683,134.35372898630288,13439.0,2.0
60.0,62.605186774811344,62.24470304626509,13441.0,1.0
235.0,48.71414801877361,55.92529405686528,13447.0,1.0
190.0,90.38726428688683,94.81053753336725,13448.0,0.0
178.0,62.605186774811344,89.36079416321151,13449.0,1.0
37.0,118.16934179896232,96.77505621575813,13450.0,1.0
200.0,62.605186774811344,58.38992227724879,13451.0,1.0
45.0,104.27830304292458,108.91238313850438,13452.0,2.0
231.0,48.71414801877361,54.37281313609401,13453.0,2.0
65.0,48.71414801877361,52.842781883809955,13455.0,1.0
240.0,48.71414801877361,58.83373495426572,13456.0,1.0
232.0,48.71414801877361,62.87605680002925,13458.0,0.0
77.0,76.49622553084909,86.50036101842224,13460.0,1.0
57.0,76.49622553084909,67.86886307159091,13461.0,1.0
16.0,215.40661309122657,331.96779929400043,13462.0,2.0
104.0,76.49622553084909,54.05506398212079,13464.0,1.0
51.0,173.73349682311328,89.08000061736344,13466.0,2.0
135.0,76.49622553084909,91.85339812432525,13467.0,1.0
274.0,62.605186774811344,53.53388629370169,,
311.0,48.71414801877361,58.22241321238248,13470.0,1.0
7.0,104.27830304292458,107.26526823057151,13471.0,1.0
10.0,62.605186774811344,70.56040563345312,13473.0,1.0
282.0,62.605186774811344,60.01665979378555,13474.0,2.0
17.0,104.27830304292458,70.89404224512498,13475.0,2.0
22.0,76.49622553084909,86.75594185966156,13476.0,2.0
287.0,48.71414801877361,84.7758810990872,13477.0,1.0
16.0,76.49622553084909,58.080807611155294,13479.0,2.0
70.0,48.71414801877361,55.48528055451542,13481.0,1.0
63.0,48.71414801877361,58.21654176062428,13482.0,2.0
72.0,90.38726428688683,195.69589391986148,13483.0,1.0
315.0,62.605186774811344,62.54311094738776,13484.0,2.0
2.0,90.38726428688683,131.6107248766776,13485.0,2.0
243.0,48.71414801877361,51.828402247702,13486.0,1.0
8.0,118.16934179896232,71.40140475293656,13487.0,1.0
0.0,90.38726428688683,107.50185319847549,13488.0,0.0
260.0,48.71414801877361,56.67200456870233,13489.0,1.0
126.0,48.71414801877361,53.00718253303957,13491.0,1.0
73.0,48.71414801877361,53.25240198882325,13492.0,1.0
72.0,90.38726428688683,78.77318512511503,13493.0,2.0
20.0,76.49622553084909,69.94148554223574,13494.0,2.0
59.0,76.49622553084909,119.85331542063847,13495.0,1.0
85.0,48.71414801877361,70.29066423209107,13496.0,1.0
77.0,48.71414801877361,52.23525931659378,13497.0,2.0
58.0,118.16934179896232,125.85290297897393,13499.0,1.0
0.0,76.49622553084909,85.7681564462231,13500.0,1.0
29.0,48.71414801877361,52.340600068726204,13501.0,2.0
32.0,104.27830304292458,171.4025895805488,13502.0,1.0
40.0,104.27830304292458,69.09634186857004,13503.0,1.0
14.0,48.71414801877361,51.92959844565217,13504.0,1.0
33.0,132.06038055500005,124.29524136547482,13505.0,1.0
78.0,62.605186774811344,58.625125727092005,13506.0,2.0
204.0,62.605186774811344,64.70518671246634,13507.0,1.0
33.0,48.71414801877361,55.259402351582295,13508.0,2.0
182.0,76.49622553084909,57.34825765944096,13509.0,1.0
1.0,382.09907816367945,250.73626421929484,13510.0,1.0
0.0,132.06038055500005,143.93731977374705,13512.0,2.0
42.0,132.06038055500005,92.23366097054755,13513.0,1.0
85.0,76.49622553084909,69.32014779441204,13514.0,1.0
38.99999999999999,62.605186774811344,58.06043021975918,13515.0,1.0
11.0,76.49622553084909,69.65067599044721,13516.0,1.0
95.0,62.605186774811344,69.45726346194178,13517.0,1.0
25.0,132.06038055500005,78.99008346065327,13518.0,1.0
318.0,48.71414801877361,51.16630971708609,13519.0,1.0
65.0,201.51557433518877,151.2175745744006,13520.0,1.0
73.0,90.38726428688683,137.8959412940738,13521.0,1.0
27.0,62.605186774811344,66.09568464061432,13522.0,1.0
5.0,90.38726428688683,68.89325871363933,13523.0,1.0
6.0,48.71414801877361,54.01810837399565,13524.0,1.0
215.0,48.71414801877361,50.07698272618228,13525.0,1.0
81.0,76.49622553084909,109.49434762159663,13527.0,1.0
83.0,62.605186774811344,71.62762833538487,13529.0,1.0
143.0,76.49622553084909,106.9858562027842,13531.0,2.0
18.0,62.605186774811344,56.29243248151042,13532.0,1.0
40.0,62.605186774811344,78.20641734069108,13533.0,2.0
172.0,48.71414801877361,54.656369718063566,13534.0,0.0
16.0,62.605186774811344,60.90428514781941,13536.0,0.0
242.0,48.71414801877361,56.26721977690167,13538.0,1.0
12.0,201.51557433518877,119.75937219250726,13539.0,1.0
205.0,48.71414801877361,76.35587389831232,13544.0,1.0
49.0,62.605186774811344,57.367944291806694,13546.0,1.0
22.0,104.27830304292458,73.27992393604556,13548.0,1.0
9.0,270.9707681153775,118.19963830191702,13549.0,1.0
24.0,90.38726428688683,106.2819727508305,13551.0,2.0
14.0,62.605186774811344,62.71718222304265,13552.0,0.0
308.0,48.71414801877361,52.07120404687936,13555.0,1.0
155.0,48.71414801877361,72.55048239996793,13557.0,1.0
306.0,48.71414801877361,52.91393006393874,13558.0,1.0
63.0,48.71414801877361,66.41826910780017,13560.0,1.0
15.0,159.84245806707554,130.28964823108248,13561.0,2.0
14.0,62.605186774811344,61.10805906178049,13562.0,1.0
10.0,118.16934179896232,97.83398980932537,13563.0,1.0
64.0,76.49622553084909,86.57910754788517,13564.0,1.0
34.99999999999999,90.38726428688683,56.55975622626614,13565.0,1.0
107.0,104.27830304292458,118.35229604763023,13566.0,1.0
52.0,48.71414801877361,61.70625638208658,13568.0,2.0
5.0,62.605186774811344,72.07005949434105,13569.0,1.0
46.0,48.71414801877361,54.21842849280485,13570.0,2.0
0.0,326.5349231395285,194.85489480037802,13571.0,0.0
311.0,48.71414801877361,53.764254430332265,13572.0,2.0
44.0,62.605186774811344,70.89715066076168,13573.0,1.0
64.0,48.71414801877361,61.764280140638206,13575.0,1.0
25.0,48.71414801877361,53.67169272026181,13576.0,0.0
28.0,62.605186774811344,54.20979400492514,13577.0,1.0
38.99999999999999,48.71414801877361,71.41280227693777,13579.0,1.0
11.0,132.06038055500005,87.08854233278787,13581.0,2.0
88.0,76.49622553084909,82.73952347753715,13583.0,2.0
23.0,90.38726428688683,103.61771517066818,13584.0,2.0
318.0,48.71414801877361,62.42188273755668,13587.0,1.0
38.99999999999999,76.49622553084909,65.7668833421551,13588.0,0.0
173.0,48.71414801877361,53.3332207953773,13589.0,1.0
116.0,48.71414801877361,55.24351489388363,13590.0,1.0
30.0,104.27830304292458,71.95470273626817,13591.0,1.0
252.0,48.71414801877361,56.87992303684567,13592.0,1.0
58.0,104.27830304292458,94.5677357341899,13593.0,1.0
142.0,48.71414801877361,59.612911140530464,13594.0,1.0
4.0,132.06038055500005,80.79779984314868,13596.0,1.0
99.0,118.16934179896232,65.00566689068015,13598.0,1.0
24.0,104.27830304292458,118.24281074131555,13599.0,0.0
32.0,104.27830304292458,102.39852548205359,13600.0,2.0
67.0,48.71414801877361,84.98690798286722,13601.0,1.0
36.0,104.27830304292458,80.54014672481823,13602.0,1.0
51.0,76.49622553084909,75.98873547366719,13603.0,1.0
15.0,48.71414801877361,52.23146014192672,13606.0,1.0
73.0,48.71414801877361,70.31898535233651,13607.0,1.0
215.0,48.71414801877361,60.24979096653763,13610.0,1.0
30.0,76.49622553084909,65.93611930459734,13611.0,1.0
15.0,90.38726428688683,129.69663160350422,13614.0,1.0
119.0,48.71414801877361,49.739892319358525,13615.0,2.0
9.0,90.38726428688683,96.79854202279094,13617.0,1.0
256.0,62.605186774811344,59.96657976408325,13618.0,2.0
16.0,118.16934179896232,111.41914765974086,13621.0,1.0
34.0,62.605186774811344,51.24920080073127,13623.0,1.0
45.0,76.49622553084909,84.85600914661087,13626.0,2.0
42.0,118.16934179896232,135.6830947402625,13627.0,1.0
113.0,62.605186774811344,79.09956876696795,13629.0,1.0
164.0,62.605186774811344,59.72792251908815,13630.0,1.0
10.0,62.605186774811344,59.60047747798369,13631.0,1.0
9.0,104.27830304292458,138.6664829924588,13632.0,1.0
205.0,62.605186774811344,98.12825315626579,13634.0,1.0
85.0,76.49622553084909,78.19432905765949,13635.0,1.0
178.0,48.71414801877361,54.539631441929934,13636.0,1.0
59.0,76.49622553084909,50.919363363726475,13637.0,1.0
148.0,48.71414801877361,58.53049173993042,13638.0,1.0
2.0,326.5349231395285,215.30826968982748,13639.0,1.0
50.0,62.605186774811344,53.96906448283892,13642.0,2.0
74.0,48.71414801877361,60.07364741379162,13643.0,1.0
300.0,62.605186774811344,54.43325455125195,13644.0,1.0
18.0,62.605186774811344,61.704529484510644,13645.0,1.0
150.0,62.605186774811344,64.34530125764016,13647.0,1.0
151.0,48.71414801877361,50.501799529863845,13649.0,2.0
0.0,90.38726428688683,123.87353297742995,13650.0,1.0
17.0,90.38726428688683,76.58727817348846,13651.0,1.0
186.0,48.71414801877361,50.05073388302797,13652.0,1.0
285.0,48.71414801877361,50.3177122482685,13654.0,1.0
2.0,90.38726428688683,48.71825971343162,13655.0,1.0
182.0,48.71414801877361,50.48245827701331,13656.0,2.0
62.0,48.71414801877361,48.51379504044016,13657.0,1.0
58.0,48.71414801877361,53.944887916775734,13658.0,1.0
24.0,76.49622553084909,77.12641559669736,13659.0,2.0
3.0,312.64388438349073,164.42350571713936,13662.0,1.0
30.0,215.40661309122657,107.03939002763838,13663.0,2.0
38.0,48.71414801877361,53.2213178324563,13666.0,1.0
154.0,48.71414801877361,58.65344684733744,13667.0,2.0
25.0,173.73349682311328,112.41314990445271,13668.0,0.0
317.0,48.71414801877361,51.432251943781054,13669.0,1.0
4.0,159.84245806707554,126.02041204384024,13670.0,1.0
7.0,76.49622553084909,70.7140995177119,13672.0,2.0
302.0,48.71414801877361,59.420534750570596,13673.0,1.0
266.0,62.605186774811344,73.77519816082555,13675.0,2.0
270.0,48.71414801877361,57.76858452942509,13678.0,2.0
3.0,215.40661309122657,244.33879945946248,13680.0,1.0
31.000000000000007,48.71414801877361,51.26163446327805,13681.0,1.0
218.0,62.605186774811344,56.70136182749333,13682.0,2.0
246.0,48.71414801877361,51.04197309161831,13684.0,2.0
280.0,104.27830304292458,84.80972829157565,13685.0,1.0
268.0,48.71414801877361,52.771633703681175,13686.0,2.0
31.000000000000007,118.16934179896232,90.13099048208134,13689.0,1.0
245.0,62.605186774811344,58.23795529056595,13690.0,1.0
14.0,104.27830304292458,80.15608470392887,13692.0,1.0
116.0,90.38726428688683,72.8872274272765,13694.0,0.0
34.99999999999999,48.71414801877361,66.09844767673583,13695.0,0.0
131.0,76.49622553084909,127.94866587713638,13697.0,1.0
216.0,48.71414801877361,54.89813537869537,13699.0,2.0
49.0,145.9514193110378,115.10711012292123,13700.0,0.0
38.0,62.605186774811344,62.816651523416866,13703.0,2.0
28.0,62.605186774811344,59.51344184015624,13704.0,0.0
36.0,118.16934179896232,83.09111982399881,13705.0,1.0
135.0,62.605186774811344,73.18080001518653,13706.0,2.0
218.0,62.605186774811344,69.08425358553845,13707.0,2.0
27.0,48.71414801877361,64.98356260170809,13708.0,2.0
24.0,90.38726428688683,145.3250546657735,13709.0,0.0
4.0,62.605186774811344,73.27405248428737,13710.0,1.0
199.0,48.71414801877361,57.170732588634195,13711.0,2.0
17.0,48.71414801877361,52.31642350266303,13712.0,2.0
240.0,48.71414801877361,57.200435226940385,13715.0,2.0
71.0,76.49622553084909,71.0819287013874,13716.0,2.0
16.0,201.51557433518877,155.16906160766962,13717.0,1.0
2.0,132.06038055500005,75.8056843306174,13718.0,2.0
94.0,62.605186774811344,84.31583558485642,13719.0,1.0
161.0,48.71414801877361,56.331805746241876,13720.0,1.0
373.0,48.71414801877361,50.74494670855639,13721.0,1.0
95.0,90.38726428688683,63.131983020783764,13722.0,1.0
53.0,76.49622553084909,61.39576019793232,13723.0,2.0
287.0,48.71414801877361,52.52883190450382,13725.0,1.0
123.0,118.16934179896232,77.95532643314921,13726.0,1.0
287.0,48.71414801877361,72.54046639402748,13727.0,1.0
151.0,62.605186774811344,53.984606561022375,13728.0,1.0
3.0,159.84245806707554,119.97108983531766,13730.0,1.0
1.0,215.40661309122657,150.89948004091224,13731.0,2.0
11.0,132.06038055500005,124.03413445199249,13732.0,1.0
32.0,62.605186774811344,65.31616307483439,13735.0,1.0
53.0,62.605186774811344,57.900864883742194,13736.0,1.0
49.0,62.605186774811344,84.97378356129008,13737.0,2.0
218.0,48.71414801877361,52.59618090996553,13739.0,1.0
62.0,48.71414801877361,58.64723001606406,13740.0,2.0
70.0,76.49622553084909,100.5541988709482,13741.0,1.0
1.0,173.73349682311328,129.36264961231714,13742.0,0.0
63.0,90.38726428688683,128.50265461949834,13743.0,1.0
33.0,76.49622553084909,87.09717682066757,13744.0,1.0
81.0,48.71414801877361,59.91131904165313,13745.0,2.0
8.0,312.64388438349073,150.0722961020363,13747.0,2.0
102.0,48.71414801877361,54.16765770407217,13748.0,1.0
6.0,62.605186774811344,57.46637745363535,13750.0,1.0
250.0,48.71414801877361,52.411057489824614,13751.0,2.0
12.0,118.16934179896232,79.0301474844151,13752.0,1.0
112.0,104.27830304292458,65.66914093935681,13753.0,2.0
366.0,48.71414801877361,53.134972953659236,13754.0,2.0
75.0,62.605186774811344,57.31406508743732,13755.0,0.0
3.0,48.71414801877361,56.17569420537678,13756.0,0.0
65.0,62.605186774811344,54.749622187164405,13758.0,1.0
7.0,368.2080394076417,137.10743986089895,13759.0,1.0
116.0,62.605186774811344,71.78753905091705,13760.0,1.0
309.0,48.71414801877361,67.27895485964935,13761.0,1.0
66.0,48.71414801877361,59.21365242097282,13762.0,2.0
138.0,76.49622553084909,101.21939981720081,13763.0,1.0
254.0,48.71414801877361,57.56515599497919,13764.0,1.0
30.0,132.06038055500005,135.4869191756356,,
63.0,48.71414801877361,56.850565778054666,13769.0,0.0
366.0,48.71414801877361,51.884699108677694,13771.0,1.0
5.0,104.27830304292458,99.46625339810515,13772.0,1.0
304.0,48.71414801877361,53.3508351506519,13774.0,1.0
28.0,76.49622553084909,99.76846047389489,13777.0,0.0
183.0,76.49622553084909,76.12688727974249,13778.0,1.0
41.0,76.49622553084909,66.6116816363056,13780.0,1.0
38.99999999999999,90.38726428688683,95.20427018068187,13781.0,2.0
91.0,62.605186774811344,99.55121675884146,13782.0,1.0
21.0,90.38726428688683,171.18430972694983,13784.0,1.0
23.0,62.605186774811344,66.93184844688513,13786.0,2.0
28.0,62.605186774811344,61.22307044033819,13787.0,1.0
301.0,76.49622553084909,70.45402874277512,13790.0,1.0
144.0,62.605186774811344,61.31494139137827,13792.0,1.0
5.0,62.605186774811344,65.40630712829852,13798.0,0.0
18.0,62.605186774811344,77.90075646974945,13799.0,1.0
32.0,104.27830304292458,92.93167297074305,13800.0,2.0
175.0,48.71414801877361,54.5406675804755,13801.0,1.0
57.0,76.49622553084909,62.22708869099049,13802.0,1.0
21.0,48.71414801877361,53.81364370100419,13803.0,2.0
15.0,104.27830304292458,83.79327637837656,13804.0,1.0
18.0,48.71414801877361,49.798606836940536,13806.0,1.0
158.0,48.71414801877361,61.285929512102456,13807.0,2.0
24.0,90.38726428688683,76.82006396672536,13808.0,1.0
211.0,62.605186774811344,55.80959191927721,13809.0,2.0
5.0,90.38726428688683,71.88666297177608,13810.0,1.0
58.0,159.84245806707554,162.35433704164643,13811.0,2.0
10.0,48.71414801877361,60.48533979589604,13812.0,1.0
64.0,48.71414801877361,53.44788679441981,13813.0,1.0
24.0,76.49622553084909,77.8731261085344,13814.0,1.0
51.0,62.605186774811344,101.11336830603801,13815.0,1.0
128.0,48.71414801877361,103.10033665691614,13816.0,1.0
95.0,76.49622553084909,103.49752309938266,13817.0,1.0
56.0,48.71414801877361,81.55625325850212,13819.0,2.0
8.0,368.2080394076417,254.91673787113368,13821.0,1.0
168.0,76.49622553084909,52.150641335372654,13822.0,1.0
56.0,48.71414801877361,55.46179474748263,13823.0,1.0
325.0,48.71414801877361,54.94338009518503,13824.0,1.0
0.0,104.27830304292458,90.71157344711284,13826.0,2.0
17.0,145.9514193110378,123.39069241519674,13827.0,1.0
247.0,48.71414801877361,58.556740583084725,13828.0,1.0
57.0,90.38726428688683,65.31858073144072,13831.0,1.0
73.0,48.71414801877361,53.02686916540531,13832.0,1.0
30.0,76.49622553084909,83.0617625652078,13833.0,2.0
38.0,48.71414801877361,64.87856722909086,13835.0,1.0
122.0,90.38726428688683,154.1774770195641,13837.0,2.0
1.0,145.9514193110378,117.36312911613102,13838.0,1.0
22.0,215.40661309122657,262.0636761789246,13842.0,0.0
119.0,76.49622553084909,61.45171167939282,13844.0,1.0
357.0,48.71414801877361,63.8434648220716,13845.0,1.0
53.0,104.27830304292458,102.18128176700016,13846.0,1.0
63.0,48.71414801877361,52.23353241901785,13849.0,1.0
85.0,48.71414801877361,48.596686124085345,13850.0,1.0
54.0,48.71414801877361,89.94344940533412,13851.0,1.0
20.0,215.40661309122657,158.15555827550264,13853.0,1.0
17.0,215.40661309122657,170.73531635720508,13854.0,0.0
2.0,104.27830304292458,82.9028879882212,13856.0,2.0
10.0,104.27830304292458,137.5484895017944,13858.0,1.0
6.0,104.27830304292458,72.80433634363132,13859.0,2.0
188.0,62.605186774811344,65.49955959739937,13860.0,1.0
70.0,48.71414801877361,56.407789239583295,13862.0,0.0
203.0,48.71414801877361,60.06846672106379,13863.0,2.0
119.0,62.605186774811344,68.91294534600506,13865.0,1.0
92.0,48.71414801877361,62.39459775585681,13866.0,1.0
0.0,173.73349682311328,113.0586642183396,13867.0,1.0
26.0,90.38726428688683,62.15663126989209,13868.0,1.0
297.0,48.71414801877361,60.85420511811711,13869.0,1.0
23.0,62.605186774811344,63.30639967595384,13870.0,0.0
27.0,90.38726428688683,125.48058386160099,13871.0,0.0
49.0,48.71414801877361,58.74255476225602,13873.0,1.0
325.0,48.71414801877361,53.38122854798848,13874.0,2.0
15.0,62.605186774811344,61.41441069175249,13875.0,1.0
182.0,76.49622553084909,70.06374989061239,13876.0,1.0
71.0,104.27830304292458,139.33064780016588,13877.0,1.0
36.0,62.605186774811344,59.484429960880426,13878.0,1.0
79.0,90.38726428688683,119.69720387977335,13880.0,0.0
143.0,145.9514193110378,119.31348723839919,13881.0,0.0
11.0,62.605186774811344,69.31703937877533,13882.0,1.0
49.0,62.605186774811344,57.39143009883949,13883.0,1.0
49.0,62.605186774811344,68.20042740617166,13884.0,1.0
58.0,62.605186774811344,61.28627489161764,13885.0,2.0
351.0,48.71414801877361,53.50970972763851,13886.0,1.0
53.0,48.71414801877361,60.12303668446354,13887.0,2.0
1.0,118.16934179896232,106.66707091026544,13888.0,1.0
92.0,90.38726428688683,70.27443139487723,13889.0,1.0
22.0,48.71414801877361,55.727046215147226,13890.0,0.0
74.0,48.71414801877361,60.04912546821325,13892.0,1.0
10.0,90.38726428688683,64.04102190475929,13893.0,2.0
168.0,62.605186774811344,63.35302591050426,13894.0,1.0
57.0,62.605186774811344,59.64675833301891,13895.0,1.0
95.0,62.605186774811344,81.01849735335398,13897.0,1.0
294.0,48.71414801877361,58.61269206454522,13898.0,2.0
108.0,62.605186774811344,69.02208527280456,13899.0,1.0
263.0,48.71414801877361,79.8431708631683,13900.0,2.0
179.0,48.71414801877361,60.76578796222891,13901.0,1.0
168.0,48.71414801877361,52.42521804994734,13904.0,1.0
34.0,48.71414801877361,50.47071537349691,13908.0,1.0
22.0,76.49622553084909,64.98390798122327,13911.0,1.0
16.0,90.38726428688683,74.88904709730772,13914.0,1.0
21.0,104.27830304292458,101.76717172828941,13917.0,1.0
78.0,76.49622553084909,49.975786528232106,13918.0,1.0
64.0,48.71414801877361,51.12486417526349,13919.0,1.0
360.0,48.71414801877361,51.518596822578125,13922.0,2.0
2.0,118.16934179896232,121.21065691532837,13923.0,1.0
10.0,90.38726428688683,70.91027508233884,13924.0,1.0
175.0,76.49622553084909,69.18441364494305,13925.0,1.0
217.0,62.605186774811344,155.3918659329176,13926.0,1.0
6.0,62.605186774811344,57.17176872717976,13927.0,1.0
1.0,62.605186774811344,63.18966139982021,13928.0,1.0
153.0,62.605186774811344,59.15010259017818,13929.0,2.0
4.0,104.27830304292458,81.23125113470996,13930.0,1.0
78.0,76.49622553084909,68.65632836622018,13931.0,1.0
20.0,62.605186774811344,55.94705296632215,13932.0,2.0
21.0,62.605186774811344,53.851635447674894,13933.0,1.0
307.0,90.38726428688683,68.35308515188487,13934.0,2.0
145.0,48.71414801877361,49.22873063687988,13936.0,2.0
6.0,284.8618068714153,303.9323079076228,13937.0,2.0
18.0,145.9514193110378,137.665227777928,13938.0,1.0
70.0,62.605186774811344,54.56657104411462,13939.0,1.0
286.0,48.71414801877361,57.13792153469131,13940.0,1.0
48.0,48.71414801877361,62.28027713632949,13941.0,1.0
30.0,118.16934179896232,132.71179477109783,13946.0,1.0
206.0,48.71414801877361,59.71307119993506,13947.0,1.0
14.0,62.605186774811344,52.573040482447915,13948.0,2.0
72.0,48.71414801877361,78.03925365533995,13949.0,1.0
59.0,48.71414801877361,54.26712700444639,13950.0,1.0
38.0,90.38726428688683,99.12052850340169,13951.0,2.0
38.99999999999999,187.62453557915103,130.64331685463526,13952.0,2.0
26.0,90.38726428688683,57.57758965752598,13953.0,1.0
3.0,243.18869060330204,286.13939142366866,13954.0,1.0
16.0,48.71414801877361,54.42185702725074,13955.0,2.0
19.0,118.16934179896232,182.42157763311542,13956.0,1.0
65.0,62.605186774811344,66.11295361637374,13959.0,1.0
212.0,48.71414801877361,58.1008396230362,13960.0,1.0
11.0,118.16934179896232,73.03332296220114,13962.0,1.0
29.0,48.71414801877361,50.648240444303674,13963.0,2.0
42.0,159.84245806707554,160.6709572846188,13967.0,2.0
3.0,118.16934179896232,126.82998162744155,13969.0,0.0
14.0,104.27830304292458,96.130923419932,13971.0,0.0
9.0,201.51557433518877,177.45812862034478,13972.0,1.0
210.0,48.71414801877361,57.051576655894245,13973.0,2.0
45.0,76.49622553084909,82.27118885494184,13974.0,1.0
133.0,62.605186774811344,63.95398626693185,13975.0,1.0
42.0,132.06038055500005,174.30308674909986,13976.0,2.0
9.0,104.27830304292458,107.19032087577567,13978.0,1.0
115.0,76.49622553084909,65.9399184792644,13979.0,1.0
197.0,62.605186774811344,72.02067022366913,13980.0,1.0
277.0,48.71414801877361,59.35180422704813,13982.0,1.0
109.0,76.49622553084909,63.03976669022849,13983.0,0.0
76.0,48.71414801877361,58.50976896901912,13984.0,1.0
52.0,48.71414801877361,68.98167586952752,13985.0,0.0
161.0,90.38726428688683,179.71207533646344,13986.0,1.0
46.0,76.49622553084909,83.92935590736073,13988.0,0.0
16.0,62.605186774811344,69.71180816463553,13989.0,1.0
154.0,76.49622553084909,69.82025733240465,13990.0,2.0
224.0,48.71414801877361,61.700384930328376,13991.0,1.0
6.0,62.605186774811344,67.36011904571859,13992.0,1.0
121.0,62.605186774811344,59.313812480377415,13993.0,0.0
60.0,48.71414801877361,51.61599384586121,13994.0,1.0
62.0,62.605186774811344,62.420846599011114,13995.0,1.0
17.0,145.9514193110378,129.14782355387004,13999.0,0.0
6.0,270.9707681153775,363.6712211316775,14000.0,2.0
1.0,187.62453557915103,132.49316953798365,14001.0,1.0
21.0,76.49622553084909,64.59190223148458,14002.0,1.0
28.0,104.27830304292458,82.82448683827346,14004.0,0.0
284.0,48.71414801877361,69.6389330869308,14005.0,1.0
175.0,62.605186774811344,53.07971223122911,14006.0,1.0
77.0,76.49622553084909,101.88805455860532,14009.0,2.0
32.0,48.71414801877361,50.84856056311287,14012.0,2.0
40.0,201.51557433518877,156.4745961750813,14013.0,1.0
265.0,48.71414801877361,52.8797374919351,14014.0,1.0
26.0,90.38726428688683,70.54279127817851,14015.0,1.0
283.0,48.71414801877361,49.643531434620996,14016.0,2.0
8.0,104.27830304292458,83.06728863745082,14019.0,1.0
304.0,48.71414801877361,61.8057256824608,14020.0,1.0
16.0,90.38726428688683,230.35403750997415,14021.0,2.0
31.000000000000007,62.605186774811344,73.7734712632496,14022.0,2.0
19.0,48.71414801877361,55.77919852194064,14023.0,1.0
159.0,48.71414801877361,49.43768524356879,14024.0,1.0
64.0,48.71414801877361,51.18910476508851,14027.0,1.0
105.0,48.71414801877361,56.320753601755854,14029.0,1.0
0.0,354.317000651604,330.0965330807104,14030.0,0.0
23.0,257.0797293593398,203.18924788138622,14031.0,0.0
266.0,48.71414801877361,52.575458139054234,14032.0,0.0
4.0,257.0797293593398,141.7324169487851,14034.0,1.0
9.0,159.84245806707554,128.84527109856512,14035.0,1.0
28.0,104.27830304292458,76.00945824457848,14036.0,2.0
266.0,48.71414801877361,53.26449027185483,14037.0,2.0
63.0,62.605186774811344,59.28756363722311,14038.0,1.0
319.0,48.71414801877361,57.177640178937956,14039.0,1.0
3.0,145.9514193110378,97.04928755081762,14040.0,0.0
31.000000000000007,48.71414801877361,53.2123379650614,14041.0,2.0
4.0,76.49622553084909,75.35461868378151,14044.0,1.0
128.0,48.71414801877361,52.22558869016852,14046.0,2.0
40.0,104.27830304292458,62.27716872069279,14047.0,1.0
101.0,118.16934179896232,84.23881595296943,14048.0,2.0
124.0,48.71414801877361,54.52685239986797,14049.0,0.0
32.0,48.71414801877361,49.57065635691627,14050.0,1.0
301.0,62.605186774811344,79.74991839406746,,
364.0,48.71414801877361,53.48207936642345,14052.0,1.0
3.0,145.9514193110378,82.6728652311058,14053.0,2.0
1.0,284.8618068714153,193.2381732897817,14054.0,1.0
2.0,48.71414801877361,54.493005207379525,14055.0,1.0
56.0,48.71414801877361,52.47875187480152,14056.0,0.0
7.0,229.2976518472643,188.15107841057366,14057.0,0.0
11.0,48.71414801877361,62.532404182416926,14059.0,2.0
36.0,48.71414801877361,53.084892923956936,14060.0,0.0
15.0,187.62453557915103,146.4914012885643,14062.0,0.0
137.0,48.71414801877361,54.72717251867717,14064.0,1.0
294.0,48.71414801877361,48.097612724638296,14066.0,2.0
4.0,104.27830304292458,77.36265518508613,14067.0,1.0
154.0,62.605186774811344,55.463176265543375,14068.0,2.0
238.0,48.71414801877361,91.26452605092926,14071.0,1.0
51.0,132.06038055500005,136.7468636470424,14073.0,1.0
30.0,62.605186774811344,68.64631236027971,14075.0,1.0
72.0,48.71414801877361,52.97609837667263,14076.0,1.0
36.0,173.73349682311328,150.84525545702763,14077.0,1.0
13.0,76.49622553084909,50.70004737158192,14078.0,1.0
22.0,132.06038055500005,141.2934395849808,14079.0,1.0
3.0,90.38726428688683,70.23885730481283,14080.0,1.0
273.0,62.605186774811344,61.34568016823002,14081.0,2.0
19.0,104.27830304292458,93.23836998023023,14082.0,2.0
143.0,48.71414801877361,51.1041414043522,14083.0,1.0
3.0,90.38726428688683,138.84815261744785,14085.0,0.0
10.0,76.49622553084909,142.64456424839733,14087.0,1.0
10.0,48.71414801877361,55.364397724199534,,
122.0,76.49622553084909,72.5076553400846,14089.0,1.0
60.0,62.605186774811344,70.01366986091008,14092.0,0.0
1.0,104.27830304292458,85.19517183052575,14093.0,1.0
318.0,48.71414801877361,63.29811056758932,,
1.0,187.62453557915103,143.38851172411285,14098.0,1.0
129.0,76.49622553084909,67.85642940904413,14099.0,0.0
1.0,243.18869060330204,149.9099677298978,14100.0,1.0
1.0,62.605186774811344,81.92511858072321,14101.0,2.0
45.0,48.71414801877361,58.432403957616955,14102.0,1.0
3.0,62.605186774811344,79.9754512174854,14104.0,2.0
2.0,90.38726428688683,79.60244134108207,14105.0,2.0
372.0,48.71414801877361,58.286308422692315,14107.0,1.0
133.0,48.71414801877361,51.99522055353794,14108.0,1.0
8.0,104.27830304292458,174.98486591208155,14109.0,1.0
77.0,62.605186774811344,61.87307468792251,14110.0,0.0
233.0,48.71414801877361,53.42509174641739,14111.0,1.0
220.0,48.71414801877361,63.42106567499635,14112.0,0.0
34.99999999999999,62.605186774811344,68.19144753877676,14113.0,1.0
74.0,62.605186774811344,68.80725921435744,14114.0,2.0
238.0,62.605186774811344,94.47068409042198,14116.0,1.0
265.0,48.71414801877361,52.09710751051848,14117.0,1.0
19.0,62.605186774811344,62.2502291185081,14121.0,1.0
38.99999999999999,48.71414801877361,64.26931776429875,14125.0,1.0
19.0,187.62453557915103,208.58649356523333,14126.0,1.0
215.0,76.49622553084909,86.35081168834571,14127.0,1.0
173.0,62.605186774811344,56.58047899717744,14128.0,1.0
86.0,90.38726428688683,99.90315848481832,14129.0,1.0
80.0,48.71414801877361,60.92673481630665,14130.0,2.0
275.0,48.71414801877361,52.22800634677483,14132.0,0.0
38.0,90.38726428688683,67.84952181874037,14133.0,1.0
97.0,48.71414801877361,60.56028715069189,14135.0,0.0
10.0,90.38726428688683,58.90419237536413,14138.0,1.0
32.0,48.71414801877361,52.63969872887926,14139.0,1.0
59.0,76.49622553084909,158.47917888123402,14140.0,1.0
296.0,90.38726428688683,67.92066999886916,14141.0,1.0
85.0,90.38726428688683,67.0803616384161,14142.0,2.0
8.0,132.06038055500005,102.03415009352996,14143.0,1.0
40.0,62.605186774811344,72.85545251187918,14146.0,0.0
10.0,382.09907816367945,211.99987931383902,14147.0,1.0
66.0,48.71414801877361,63.63761863101939,14148.0,2.0
330.0,48.71414801877361,54.82215188535395,14149.0,2.0
30.0,118.16934179896232,111.1884341435951,14150.0,1.0
1.0,243.18869060330204,194.15826431824325,14152.0,1.0
1.0,215.40661309122657,199.50681149044885,14154.0,2.0
67.0,62.605186774811344,74.55368358805991,14155.0,2.0
201.0,62.605186774811344,57.47293966442393,,
106.0,48.71414801877361,51.12900872944575,14157.0,1.0
17.0,90.38726428688683,70.811496540995,14158.0,1.0
217.0,48.71414801877361,54.3990619792483,14159.0,0.0
59.0,132.06038055500005,67.3038221847429,14161.0,2.0
1.0,48.71414801877361,53.55737210073449,14162.0,2.0
16.0,62.605186774811344,64.1145877414944,14163.0,1.0
238.0,48.71414801877361,59.32969993807608,14164.0,1.0
94.0,48.71414801877361,53.236514531124584,14165.0,2.0
10.0,118.16934179896232,106.24570790173574,14167.0,1.0
105.0,118.16934179896232,113.29732146333468,14171.0,1.0
52.0,159.84245806707554,115.53814375787618,14173.0,1.0
30.0,104.27830304292458,82.44871392574862,14174.0,1.0
11.0,118.16934179896232,108.04755283247295,14175.0,1.0
2.0,90.38726428688683,104.46044118772757,14176.0,2.0
1.0,270.9707681153775,112.6431726615681,14177.0,1.0
42.0,48.71414801877361,53.84921779106858,14178.0,1.0
3.0,48.71414801877361,51.10206912726107,14179.0,1.0
246.0,62.605186774811344,65.63494836735318,14180.0,0.0
41.0,159.84245806707554,159.8434279662277,14184.0,1.0
176.0,48.71414801877361,68.25050743587396,14185.0,2.0
91.0,76.49622553084909,81.91233953866123,14188.0,1.0
109.0,90.38726428688683,80.15746622198962,14189.0,0.0
28.0,104.27830304292458,99.75395453425699,14191.0,0.0
25.0,159.84245806707554,162.68659213525757,14193.0,1.0
51.0,76.49622553084909,86.54007966266889,,
183.0,76.49622553084909,79.96785286815127,14195.0,2.0
42.0,104.27830304292458,105.89203927818295,14196.0,1.0
48.0,90.38726428688683,79.66426427430078,14198.0,1.0
21.0,90.38726428688683,73.14833434075884,14199.0,2.0
74.0,104.27830304292458,103.01261026005832,14201.0,1.0
80.0,62.605186774811344,58.99744484446496,14204.0,1.0
372.0,48.71414801877361,53.556335962188925,14205.0,1.0
325.0,48.71414801877361,52.349234556605914,14206.0,2.0
42.0,187.62453557915103,130.22540764125745,14208.0,1.0
29.0,62.605186774811344,78.74624552293035,14209.0,1.0
183.0,48.71414801877361,55.37648600723112,14210.0,1.0
234.0,62.605186774811344,57.685348066264716,14211.0,0.0
8.0,173.73349682311328,134.9944079869771,14214.0,1.0
219.0,62.605186774811344,106.48401976721564,14215.0,1.0
110.0,76.49622553084909,96.53190903706559,14216.0,1.0
277.0,48.71414801877361,52.719481396887744,14217.0,0.0
317.0,48.71414801877361,58.44621913822448,14218.0,1.0
6.0,76.49622553084909,113.27694407193857,14219.0,1.0
1.0,104.27830304292458,110.05420781571681,14220.0,2.0
259.0,62.605186774811344,81.46507306649242,14221.0,0.0
63.0,104.27830304292458,137.7460465844821,14222.0,2.0
8.0,159.84245806707554,189.2338431906889,14223.0,1.0
141.0,48.71414801877361,52.14027994991701,14224.0,1.0
50.0,62.605186774811344,84.4432806259609,14226.0,1.0
7.0,145.9514193110378,129.301862817644,14227.0,0.0
154.0,62.605186774811344,59.530365436400466,14229.0,1.0
108.0,62.605186774811344,66.30705690390954,14231.0,2.0
162.0,76.49622553084909,100.36354937856429,14232.0,1.0
331.0,48.71414801877361,65.01084758340797,14233.0,1.0
225.0,48.71414801877361,51.87502848225242,14234.0,1.0
73.0,62.605186774811344,61.81090637518862,14235.0,1.0
50.0,90.38726428688683,67.33594247965542,14236.0,1.0
98.0,76.49622553084909,86.6692516013493,14237.0,2.0
14.0,76.49622553084909,178.06979574174318,14238.0,2.0
196.0,48.71414801877361,52.625192789241346,14239.0,0.0
2.0,243.18869060330204,140.54983748878047,14240.0,1.0
30.0,62.605186774811344,68.55444140923963,14241.0,2.0
20.0,90.38726428688683,83.29800215359658,14242.0,2.0
23.0,76.49622553084909,190.73382642515156,14243.0,0.0
7.0,62.605186774811344,53.499348342182856,14245.0,2.0
212.0,48.71414801877361,60.32577445987906,14246.0,1.0
8.0,118.16934179896232,79.46877946870421,14247.0,2.0
10.0,104.27830304292458,127.93899525071109,14248.0,2.0
1.0,187.62453557915103,178.8824737409812,14250.0,1.0
7.0,159.84245806707554,136.98379399446156,14251.0,1.0
2.0,90.38726428688683,84.14176430920152,14256.0,2.0
38.99999999999999,48.71414801877361,53.73593331008683,14257.0,1.0
17.0,90.38726428688683,88.83512654109495,14258.0,0.0
7.0,159.84245806707554,156.90562981003626,14259.0,1.0
18.0,48.71414801877361,49.48776527327109,14261.0,1.0
116.0,48.71414801877361,52.44076012813081,14262.0,0.0
222.0,48.71414801877361,61.23930327755204,14264.0,2.0
70.0,76.49622553084909,112.20039612309674,14265.0,1.0
50.0,62.605186774811344,90.12788206644466,14267.0,2.0
88.0,118.16934179896232,147.89536901780463,14270.0,2.0
7.0,159.84245806707554,116.44476498524541,14271.0,2.0
242.0,48.71414801877361,58.22655776656474,14272.0,1.0
46.0,118.16934179896232,100.98765016250948,14273.0,1.0
106.0,48.71414801877361,51.224333475637714,14276.0,1.0
44.0,118.16934179896232,131.61659632843583,14277.0,1.0
64.0,48.71414801877361,65.56103715110288,14280.0,2.0
206.0,62.605186774811344,64.49761362383819,14282.0,0.0
10.0,104.27830304292458,92.66538536453288,14284.0,1.0
114.0,62.605186774811344,68.89325871363933,14285.0,1.0
241.0,48.71414801877361,52.273251063264496,14286.0,1.0
162.0,48.71414801877361,58.75947835850024,14287.0,1.0
16.0,132.06038055500005,215.77694969193794,14288.0,2.0
123.0,62.605186774811344,63.975054417358336,14289.0,1.0
22.0,76.49622553084909,68.20560809889948,14290.0,1.0
67.0,48.71414801877361,62.3358832382748,14291.0,0.0
16.0,145.9514193110378,132.13742863733972,14292.0,0.0
15.0,62.605186774811344,63.472181843244215,14293.0,1.0
16.0,90.38726428688683,93.61725130839177,14295.0,1.0
160.0,62.605186774811344,67.8308713249202,14297.0,1.0
242.0,48.71414801877361,58.68591252176514,,
218.0,48.71414801877361,52.647987837243775,14299.0,0.0
44.0,145.9514193110378,117.69745648683326,14300.0,1.0
20.0,90.38726428688683,65.01602827613578,14301.0,1.0
126.0,145.9514193110378,76.6183623298554,14304.0,2.0
38.0,48.71414801877361,51.75967172417954,14305.0,1.0
120.0,62.605186774811344,82.75679245329655,14306.0,1.0
259.0,48.71414801877361,62.1414345712238,14307.0,1.0
9.0,48.71414801877361,52.60654229542118,14309.0,0.0
273.0,48.71414801877361,57.767548390879526,14311.0,2.0
164.0,48.71414801877361,49.75716129511794,14312.0,1.0
156.0,90.38726428688683,84.45260587287098,14314.0,1.0
214.0,48.71414801877361,51.12486417526349,14315.0,1.0
5.0,62.605186774811344,52.353724490303364,14317.0,1.0
365.0,48.71414801877361,54.01914451254121,14320.0,2.0
79.0,62.605186774811344,72.21477351120494,14321.0,1.0
42.0,48.71414801877361,55.79335908206336,14323.0,1.0
18.0,76.49622553084909,79.50055438410153,14326.0,2.0
31.000000000000007,90.38726428688683,121.50043032857133,14327.0,2.0
21.0,48.71414801877361,53.56324355249269,14329.0,0.0
108.0,145.9514193110378,96.40239171886999,14331.0,1.0
7.0,257.0797293593398,340.82367544294294,14332.0,1.0
319.0,48.71414801877361,53.34910825307597,14333.0,1.0
294.0,48.71414801877361,51.46678989529988,14334.0,0.0
357.0,48.71414801877361,50.63960595642397,14335.0,1.0
184.0,48.71414801877361,56.89546511502914,14336.0,1.0
190.0,62.605186774811344,62.57246820617876,14338.0,2.0
43.0,62.605186774811344,60.0183866913615,14339.0,2.0
51.0,48.71414801877361,54.99587778149365,14340.0,2.0
25.0,48.71414801877361,64.40505191376774,14341.0,1.0
37.0,76.49622553084909,85.63414919433005,14342.0,1.0
8.0,76.49622553084909,54.97619114912791,14344.0,1.0
296.0,48.71414801877361,52.91393006393874,14345.0,1.0
32.0,76.49622553084909,109.14724120883241,14346.0,1.0
9.0,145.9514193110378,153.78408975176467,14348.0,2.0
64.0,62.605186774811344,76.38384963904257,14349.0,1.0
9.0,159.84245806707554,181.0366057772104,14350.0,2.0
217.0,48.71414801877361,50.34257957336206,14351.0,2.0
1.0,159.84245806707554,169.14484368976304,14352.0,2.0
64.0,62.605186774811344,64.84990072933023,14353.0,2.0
2.0,270.9707681153775,92.7886858514551,14354.0,1.0
148.0,48.71414801877361,59.27167617952445,14355.0,2.0
3.0,215.40661309122657,155.98346650448357,14356.0,1.0
129.0,90.38726428688683,71.84245439383199,14357.0,1.0
33.0,118.16934179896232,95.19805334940848,14359.0,1.0
118.0,48.71414801877361,52.352688351757806,14360.0,1.0
106.0,118.16934179896232,94.61263507116436,14362.0,1.0
10.0,132.06038055500005,113.12497708525574,14364.0,1.0
70.0,90.38726428688683,80.6468689950114,14367.0,0.0
91.0,159.84245806707554,86.1625798525681,14368.0,2.0
310.0,48.71414801877361,81.22814271907328,14371.0,2.0
42.0,62.605186774811344,71.63453592568864,14373.0,2.0
361.0,48.71414801877361,52.23353241901785,14375.0,2.0
91.0,132.06038055500005,85.06254609669347,14377.0,2.0
0.0,215.40661309122657,245.07860238099576,14379.0,1.0
21.0,62.605186774811344,54.5406675804755,14381.0,1.0
3.0,76.49622553084909,104.79994925115763,14382.0,1.0
10.0,118.16934179896232,84.53895075166804,14383.0,1.0
98.0,48.71414801877361,61.379872740233665,14385.0,1.0
56.0,62.605186774811344,76.07887952713132,14386.0,2.0
0.0,118.16934179896232,185.83116420705403,14387.0,1.0
217.0,48.71414801877361,48.70029997864183,14388.0,0.0
23.0,173.73349682311328,175.00938785765993,14389.0,1.0
49.0,62.605186774811344,57.93367593768509,14390.0,0.0
6.0,104.27830304292458,88.3536674969225,14393.0,2.0
302.0,48.71414801877361,64.2409966440533,14395.0,0.0
9.0,118.16934179896232,121.41788462444134,14396.0,1.0
21.0,118.16934179896232,81.31794139302222,14397.0,0.0
98.0,48.71414801877361,51.0716757299245,14400.0,2.0
365.0,48.71414801877361,50.171616713343866,14401.0,0.0
305.0,48.71414801877361,52.55128157299106,14403.0,1.0
319.0,48.71414801877361,133.44399934329695,14404.0,1.0
7.0,104.27830304292458,126.60686646062993,14406.0,1.0
0.0,90.38726428688683,107.15543754474164,14407.0,1.0
204.0,62.605186774811344,102.90485185131958,14408.0,1.0
53.0,90.38726428688683,96.56575622955404,14409.0,1.0
0.0,90.38726428688683,82.49568553981422,14410.0,1.0
18.0,104.27830304292458,88.1713071129031,14411.0,2.0
8.0,62.605186774811344,52.753328589376196,14412.0,1.0
18.0,90.38726428688683,79.14792189909431,14413.0,2.0
180.0,76.49622553084909,64.68619083913099,14414.0,1.0
59.0,62.605186774811344,70.88022706451746,14415.0,0.0
10.0,62.605186774811344,57.12894166729641,14416.0,1.0
189.0,48.71414801877361,52.1378622933107,14418.0,1.0
4.0,159.84245806707554,149.5711504254981,14419.0,1.0
310.0,48.71414801877361,50.36641075991005,14420.0,1.0
154.0,48.71414801877361,101.99097765413143,14421.0,1.0
109.0,76.49622553084909,53.17641849548183,14422.0,0.0
147.0,76.49622553084909,115.96157904349701,14423.0,2.0
65.0,187.62453557915103,116.16604371648847,14426.0,0.0
97.0,76.49622553084909,55.93254702668423,14427.0,1.0
246.0,76.49622553084909,68.65356533009867,14428.0,1.0
28.0,132.06038055500005,119.29932667827647,14431.0,2.0
17.0,90.38726428688683,68.67566961907072,14432.0,1.0
11.0,62.605186774811344,62.86742231214955,14434.0,1.0
103.0,145.9514193110378,113.82920591672462,14436.0,1.0
73.0,62.605186774811344,54.77138109662127,14437.0,2.0
45.0,48.71414801877361,66.91078029645865,14438.0,2.0
71.0,76.49622553084909,79.48777534203955,14439.0,2.0
256.0,48.71414801877361,55.44556191026878,14440.0,1.0
50.0,48.71414801877361,50.86928333402417,14441.0,1.0
253.0,62.605186774811344,58.918352935486844,14442.0,2.0
10.0,48.71414801877361,57.63354113898647,14443.0,1.0
164.0,62.605186774811344,67.16118044497014,14446.0,1.0
17.0,118.16934179896232,88.41790808674753,14447.0,1.0
281.0,48.71414801877361,52.730878920888955,14448.0,1.0
49.0,48.71414801877361,58.41789801797904,14449.0,1.0
38.0,48.71414801877361,53.720391231903356,14450.0,2.0
26.0,118.16934179896232,89.31451330817627,14451.0,1.0
67.0,48.71414801877361,74.97262893998328,14452.0,1.0
206.0,48.71414801877361,62.96792775106933,14453.0,2.0
174.0,62.605186774811344,59.770749578971504,14456.0,0.0
6.0,104.27830304292458,128.4926386135579,14457.0,2.0
25.0,48.71414801877361,52.81584228162527,14459.0,2.0
50.0,62.605186774811344,52.271524165688554,14460.0,1.0
311.0,62.605186774811344,62.39010782215935,14461.0,1.0
308.0,48.71414801877361,64.41403178116263,14462.0,0.0
42.0,104.27830304292458,111.45299485222931,14463.0,1.0
25.0,76.49622553084909,76.15520839998793,14465.0,2.0
87.0,76.49622553084909,57.73024740323919,14466.0,1.0
183.0,62.605186774811344,56.67200456870233,14467.0,1.0
19.0,187.62453557915103,133.32760644667852,14470.0,1.0
2.0,118.16934179896232,157.35531393881138,14472.0,1.0
46.0,90.38726428688683,71.24874700722334,14473.0,1.0
16.0,145.9514193110378,243.8141679758915,14474.0,1.0
16.0,104.27830304292458,115.93774785694903,14475.0,1.0
38.99999999999999,104.27830304292458,87.5617122685958,14476.0,2.0
21.0,62.605186774811344,57.54270632649196,14477.0,1.0
10.0,104.27830304292458,91.99742138215878,14479.0,2.0
187.0,62.605186774811344,57.5033330617605,14480.0,1.0
206.0,62.605186774811344,54.34207435924225,14481.0,2.0
60.0,76.49622553084909,81.29549172453498,14482.0,1.0
17.0,118.16934179896232,108.55042540658707,14483.0,2.0
32.0,62.605186774811344,59.40879184705419,14484.0,1.0
63.0,48.71414801877361,52.758163902588834,14485.0,1.0
1.0,48.71414801877361,49.48776527327109,14487.0,1.0
71.0,76.49622553084909,61.99257600017765,14488.0,1.0
107.0,48.71414801877361,53.98495194053758,14489.0,2.0
31.000000000000007,159.84245806707554,112.5015670603409,14491.0,2.0
19.0,159.84245806707554,146.2617239109641,14493.0,1.0
36.0,48.71414801877361,56.693763478159184,14494.0,1.0
59.0,76.49622553084909,69.41063722739136,14495.0,1.0
25.0,118.16934179896232,139.12238395250733,14496.0,2.0
235.0,90.38726428688683,80.21445384199569,14497.0,2.0
24.0,118.16934179896232,75.25445862437692,14498.0,1.0
2.0,284.8618068714153,194.60691230847283,14499.0,1.0
59.0,76.49622553084909,144.22985622311148,14500.0,1.0
259.0,48.71414801877361,53.92934583859226,14501.0,2.0
57.0,48.71414801877361,60.27603980969194,14502.0,0.0
64.0,62.605186774811344,61.405085444842406,14503.0,0.0
15.0,62.605186774811344,65.86289884737744,14504.0,1.0
9.0,76.49622553084909,82.40450534780452,14505.0,0.0
58.0,145.9514193110378,96.97572171408252,14506.0,1.0
185.0,48.71414801877361,51.56176926197666,14507.0,1.0
28.0,257.0797293593398,134.88388654211687,14508.0,1.0
23.0,62.605186774811344,95.27369146323473,14511.0,1.0
4.0,104.27830304292458,137.03767319883093,14512.0,2.0
3.0,145.9514193110378,180.2933490605253,14513.0,2.0
310.0,48.71414801877361,57.724375951480994,14514.0,1.0
10.0,62.605186774811344,72.5839842129412,14515.0,1.0
17.0,62.605186774811344,54.42772847900894,14517.0,1.0
151.0,48.71414801877361,53.69690542487055,14518.0,1.0
18.0,104.27830304292458,77.47628504558307,14520.0,1.0
9.0,90.38726428688683,124.87306129438481,14522.0,1.0
56.0,62.605186774811344,57.08956840256495,14523.0,1.0
84.0,48.71414801877361,57.92331455222944,14524.0,0.0
16.0,284.8618068714153,112.24080552637375,14525.0,0.0
75.0,76.49622553084909,82.66215846613497,,
3.0,284.8618068714153,223.2678859968564,14528.0,1.0
95.0,90.38726428688683,151.0003308593472,14529.0,1.0
56.0,62.605186774811344,100.85122525401013,14530.0,1.0
0.0,48.71414801877361,51.621865297619415,14532.0,2.0
280.0,62.605186774811344,55.527071475853205,14533.0,1.0
2.0,132.06038055500005,143.60920923431817,14534.0,0.0
179.0,159.84245806707554,104.62069728277493,14535.0,1.0
371.0,48.71414801877361,49.218369251424235,14536.0,2.0
12.0,90.38726428688683,77.68834806790866,14537.0,1.0
2.0,48.71414801877361,51.84705274152217,14538.0,1.0
16.0,48.71414801877361,51.584909689494275,14539.0,1.0
40.0,48.71414801877361,51.93685141547112,14540.0,1.0
5.0,104.27830304292458,83.20682196158688,14541.0,1.0
168.0,90.38726428688683,83.99325111767057,14542.0,2.0
49.0,48.71414801877361,53.41991105368956,14543.0,0.0
276.0,48.71414801877361,54.98758867312913,14544.0,1.0
18.0,159.84245806707554,103.03471454903037,14546.0,1.0
371.0,48.71414801877361,49.36860934053113,14547.0,0.0
14.0,90.38726428688683,88.06458484270992,14549.0,2.0
34.0,76.49622553084909,67.69824559108791,14550.0,1.0
21.0,76.49622553084909,69.33983442677777,14551.0,1.0
6.0,62.605186774811344,61.11427589305388,14552.0,2.0
19.0,118.16934179896232,106.81938327646345,14553.0,1.0
10.0,48.71414801877361,58.79401631001907,14554.0,1.0
43.0,48.71414801877361,55.66211486629182,14555.0,1.0
305.0,48.71414801877361,61.58053823855805,14557.0,1.0
10.0,48.71414801877361,52.27705023793157,14560.0,0.0
18.0,76.49622553084909,63.56888810749693,14561.0,1.0
3.0,76.49622553084909,83.12600315503282,14562.0,0.0
284.0,48.71414801877361,48.34386831896752,14565.0,1.0
8.0,76.49622553084909,63.152360412179874,14567.0,1.0
245.0,48.71414801877361,61.61887536474394,14569.0,1.0
205.0,62.605186774811344,61.27004205440379,14570.0,2.0
0.0,104.27830304292458,107.86795548457505,14572.0,0.0
184.0,48.71414801877361,59.06790226556337,14573.0,2.0
31.000000000000007,104.27830304292458,76.63632206464519,14576.0,2.0
56.0,62.605186774811344,55.79612211818486,14577.0,1.0
195.0,62.605186774811344,79.06710309254025,14578.0,1.0
23.0,90.38726428688683,136.31859304820895,14581.0,1.0
90.0,62.605186774811344,71.20384767024886,14582.0,1.0
3.0,62.605186774811344,81.1179666537282,14583.0,1.0
50.0,76.49622553084909,74.10020028461771,14584.0,2.0
262.0,48.71414801877361,51.30584304122214,14585.0,1.0
265.0,48.71414801877361,59.90786524650125,14586.0,2.0
34.99999999999999,62.605186774811344,69.0586955014145,14587.0,1.0
50.0,48.71414801877361,63.316761061409494,14589.0,2.0
51.0,118.16934179896232,146.800861334173,14591.0,1.0
23.0,118.16934179896232,119.31521413597514,14592.0,1.0
21.0,48.71414801877361,51.810787892427406,14593.0,1.0
58.0,48.71414801877361,48.679577207730524,14594.0,1.0
169.0,62.605186774811344,59.861929770981206,14595.0,1.0
67.0,62.605186774811344,73.59249239729095,14597.0,1.0
156.0,62.605186774811344,67.97144078760184,14598.0,1.0
200.0,48.71414801877361,56.3960463360669,14600.0,2.0
4.0,90.38726428688683,87.81142165807691,14601.0,1.0
66.0,62.605186774811344,70.60426883188202,,
76.0,48.71414801877361,51.93926907207744,14607.0,1.0
0.0,132.06038055500005,115.26011324814962,14608.0,1.0
7.0,90.38726428688683,80.95287524546822,14616.0,2.0
168.0,62.605186774811344,58.0479965572124,14618.0,1.0
17.0,90.38726428688683,77.29150700495734,14619.0,2.0
4.0,62.605186774811344,56.53178048553589,14620.0,2.0
8.0,159.84245806707554,135.3743254536842,14621.0,1.0
86.0,62.605186774811344,57.86460003464743,14622.0,2.0
26.0,48.71414801877361,51.72409763411515,14623.0,1.0
28.0,90.38726428688683,73.89055491889843,14624.0,1.0
19.0,62.605186774811344,70.02713966200243,14625.0,2.0
60.0,90.38726428688683,108.57874652683252,14626.0,1.0
23.0,48.71414801877361,54.73926080170876,14628.0,1.0
10.0,382.09907816367945,301.86141233455396,14629.0,1.0
241.0,76.49622553084909,91.37781053191101,14631.0,1.0
279.0,62.605186774811344,62.2091289562007,14632.0,2.0
234.0,62.605186774811344,72.14707912622804,14633.0,2.0
2.0,104.27830304292458,94.09145738274526,14636.0,1.0
15.0,48.71414801877361,65.863934985923,14638.0,1.0
30.0,104.27830304292458,76.94267369461718,14639.0,1.0
24.0,243.18869060330204,196.80594368167658,14640.0,1.0
70.0,76.49622553084909,53.48553316157533,14641.0,1.0
25.0,104.27830304292458,90.69430447135342,14642.0,1.0
106.0,48.71414801877361,55.49115200627362,14643.0,2.0
7.0,312.64388438349073,185.18012382092414,14644.0,1.0
208.0,48.71414801877361,51.891606698981455,14645.0,2.0
43.0,62.605186774811344,60.833482347205816,,
30.0,104.27830304292458,116.80534119910196,14647.0,2.0
136.0,90.38726428688683,68.42665098861997,14649.0,1.0
264.0,48.71414801877361,53.967337585262975,14651.0,1.0
3.0,132.06038055500005,114.04575887274767,14652.0,1.0
217.0,62.605186774811344,52.18897846155856,14653.0,1.0
1.0,104.27830304292458,91.19441400934603,14655.0,1.0
213.0,48.71414801877361,51.76485241690737,14656.0,2.0
31.000000000000007,76.49622553084909,102.91728551386636,14657.0,1.0
10.0,159.84245806707554,136.0457432312102,14658.0,1.0
0.0,270.9707681153775,160.50103056314617,14659.0,0.0
14.0,48.71414801877361,58.984665802403,14660.0,1.0
10.0,159.84245806707554,101.219745196716,14661.0,1.0
2.0,76.49622553084909,75.77839934891753,14662.0,1.0
14.0,215.40661309122657,213.16726207517536,14664.0,1.0
13.0,90.38726428688683,68.93021432176447,14665.0,1.0
9.0,187.62453557915103,144.59146857551363,14666.0,1.0
28.0,76.49622553084909,78.29345297851853,14667.0,0.0
8.0,187.62453557915103,131.83176776639812,14669.0,2.0
23.0,48.71414801877361,50.74321981098045,14670.0,2.0
24.0,90.38726428688683,75.48379062246192,14672.0,2.0
42.0,62.605186774811344,55.98780774911436,14673.0,1.0
1.0,104.27830304292458,103.33001403451635,14675.0,1.0
5.0,76.49622553084909,70.92236336537042,14676.0,1.0
146.0,48.71414801877361,54.48609761707576,14680.0,0.0
9.0,118.16934179896232,87.47882118495062,14681.0,1.0
24.0,48.71414801877361,68.57965411384838,14684.0,1.0
273.0,48.71414801877361,57.271928786584354,14687.0,1.0
373.0,48.71414801877361,58.82302818929489,14688.0,0.0
0.0,145.9514193110378,117.24639083999739,14689.0,2.0
46.0,76.49622553084909,60.65664803542941,14690.0,1.0
7.0,145.9514193110378,137.18964018551378,14691.0,1.0
15.0,201.51557433518877,261.4606435454059,14692.0,1.0
3.0,76.49622553084909,75.12010599296867,14693.0,2.0
42.0,132.06038055500005,90.32716604670829,14696.0,1.0
19.0,118.16934179896232,74.83793092905987,14697.0,2.0
196.0,76.49622553084909,98.01393253673847,14698.0,1.0
11.0,118.16934179896232,93.12784853536999,14699.0,2.0
15.0,118.16934179896232,63.19173367691134,14700.0,1.0
112.0,104.27830304292458,86.58497899964337,14701.0,0.0
248.0,48.71414801877361,59.331081456136836,14702.0,0.0
28.0,104.27830304292458,96.130923419932,14703.0,1.0
43.0,48.71414801877361,52.45112151358646,14704.0,1.0
86.0,48.71414801877361,67.44577316548528,14708.0,1.0
44.0,62.605186774811344,70.03266573424543,14709.0,0.0
9.0,187.62453557915103,217.60884264049656,14710.0,1.0
14.0,48.71414801877361,72.46102910553418,14711.0,0.0
74.0,48.71414801877361,62.518934381324584,14712.0,1.0
144.0,90.38726428688683,97.95901719382353,14713.0,0.0
4.0,76.49622553084909,104.15339879872519,14714.0,1.0
296.0,48.71414801877361,51.07651104313714,14715.0,1.0
58.0,62.605186774811344,56.83398756132563,14716.0,1.0
263.0,48.71414801877361,57.56688289255514,14719.0,1.0
46.0,48.71414801877361,50.75185429886016,14720.0,1.0
28.0,76.49622553084909,56.04686764621155,14722.0,2.0
7.0,118.16934179896232,130.90649604520874,14723.0,1.0
16.0,62.605186774811344,54.64773523018387,14725.0,1.0
231.0,62.605186774811344,77.20861592131216,14727.0,2.0
111.0,48.71414801877361,52.80548089616963,14729.0,2.0
57.0,76.49622553084909,78.36909109234475,14730.0,0.0
50.0,187.62453557915103,90.8068981933048,14731.0,1.0
126.0,62.605186774811344,73.23813301470778,14732.0,0.0
280.0,76.49622553084909,61.332555746652865,14733.0,0.0
54.0,62.605186774811344,63.4576759036063,,
319.0,48.71414801877361,51.79835422988062,14737.0,1.0
25.0,62.605186774811344,57.36483587617,14738.0,1.0
14.0,48.71414801877361,49.35928409362105,14739.0,1.0
6.0,62.605186774811344,70.98142326246762,14740.0,2.0
28.0,48.71414801877361,53.839547164643314,14741.0,1.0
16.0,90.38726428688683,70.08136424588699,14744.0,1.0
63.0,48.71414801877361,48.20986106707448,14745.0,1.0
20.0,48.71414801877361,55.904571285953985,14747.0,2.0
2.0,132.06038055500005,93.58271335687294,14748.0,1.0
165.0,48.71414801877361,52.535739494807586,14752.0,1.0
0.0,270.9707681153775,306.63075805978883,14753.0,1.0
52.0,76.49622553084909,53.99634946453879,14754.0,1.0
50.0,48.71414801877361,52.721208294463686,14755.0,0.0
47.0,201.51557433518877,186.41071103353994,14756.0,1.0
60.0,48.71414801877361,54.66638572400404,14757.0,1.0
161.0,76.49622553084909,64.51695487668873,14758.0,1.0
8.0,48.71414801877361,60.19694790071382,14759.0,1.0
14.0,90.38726428688683,65.80003977561316,14760.0,2.0
74.0,48.71414801877361,50.58434523399385,14761.0,1.0
38.99999999999999,145.9514193110378,116.9341677582672,14762.0,2.0
40.0,187.62453557915103,120.10682398478666,14764.0,1.0
369.0,62.605186774811344,53.363959572229064,14765.0,1.0
36.0,62.605186774811344,73.45779438636752,14766.0,1.0
196.0,48.71414801877361,57.38486788805093,14768.0,1.0
199.0,62.605186774811344,85.36509855199839,,
73.0,76.49622553084909,65.5340975489182,14770.0,2.0
63.0,62.605186774811344,55.838258419037835,14772.0,1.0
20.0,90.38726428688683,65.5164831936436,14775.0,1.0
366.0,48.71414801877361,49.68117780177651,14776.0,0.0
179.0,76.49622553084909,59.09725952435437,14778.0,1.0
9.0,90.38726428688683,72.57673124312225,14779.0,2.0
3.0,201.51557433518877,124.90863538444918,14780.0,1.0
196.0,62.605186774811344,65.72336552324137,14782.0,2.0
28.0,90.38726428688683,70.47406075465605,14784.0,1.0
52.0,48.71414801877361,54.80419215056415,14785.0,1.0
17.0,118.16934179896232,102.96011257374971,14788.0,1.0
9.0,76.49622553084909,51.5341389007616,14789.0,1.0
89.0,90.38726428688683,103.72271054328542,14790.0,1.0
267.0,48.71414801877361,50.16643602061603,14792.0,1.0
52.0,118.16934179896232,156.8068512686924,14793.0,1.0
43.0,90.38726428688683,144.74654397783314,14794.0,1.0
63.0,90.38726428688683,127.25376229257756,14795.0,2.0
148.0,48.71414801877361,58.68176796758288,14796.0,0.0
21.0,382.09907816367945,299.9272870494996,14798.0,1.0
311.0,48.71414801877361,59.2464634749157,14799.0,1.0
22.0,62.605186774811344,63.48081633112392,14800.0,0.0
57.0,118.16934179896232,134.25391430641346,14801.0,1.0
23.0,62.605186774811344,64.42888310031572,14803.0,2.0
77.0,132.06038055500005,120.00148323265422,14804.0,1.0
118.0,62.605186774811344,64.27518921605694,14805.0,1.0
34.99999999999999,76.49622553084909,89.83983555077764,14806.0,1.0
59.0,62.605186774811344,88.5128874534243,14808.0,1.0
12.0,90.38726428688683,93.34198383478672,14810.0,0.0
18.0,48.71414801877361,53.15707724263129,14813.0,2.0
51.0,48.71414801877361,50.87515478578238,14815.0,1.0
25.0,62.605186774811344,75.07071672229675,14816.0,2.0
28.0,48.71414801877361,57.20906971482009,14817.0,2.0
6.0,62.605186774811344,49.48362071908882,14818.0,1.0
10.0,118.16934179896232,73.57522342153155,14819.0,1.0
185.0,76.49622553084909,72.52734197245033,14820.0,1.0
2.0,145.9514193110378,147.18837715021425,14821.0,2.0
8.0,62.605186774811344,72.21442813168974,14823.0,2.0
261.0,48.71414801877361,59.29827040219394,14824.0,1.0
2.0,90.38726428688683,66.0376608820627,14825.0,0.0
209.0,48.71414801877361,65.94440841296186,14828.0,2.0
107.0,62.605186774811344,85.77333713895092,14829.0,1.0
12.0,159.84245806707554,93.77025443362017,14830.0,1.0
76.0,76.49622553084909,72.38608175073833,14834.0,1.0
19.0,48.71414801877361,55.63552064362233,14836.0,1.0
26.0,62.605186774811344,68.36275577831015,14837.0,1.0
18.0,118.16934179896232,73.13071998548423,14840.0,2.0
131.0,48.71414801877361,51.518596822578125,14841.0,1.0
252.0,48.71414801877361,60.5951704817259,14842.0,1.0
206.0,48.71414801877361,60.747137468408745,14844.0,1.0
335.0,48.71414801877361,52.689433379066365,14847.0,2.0
253.0,48.71414801877361,52.33541937599839,14849.0,0.0
147.0,62.605186774811344,64.16294087362076,14850.0,2.0
9.0,62.605186774811344,89.2316222245311,14851.0,1.0
84.0,48.71414801877361,69.23483905416053,14852.0,1.0
204.0,62.605186774811344,64.18608130113837,14853.0,1.0
7.0,90.38726428688683,95.18769196395284,14854.0,1.0
22.0,118.16934179896232,84.2840606694591,14855.0,1.0
10.0,159.84245806707554,95.32687990857372,14856.0,1.0
25.0,48.71414801877361,59.4851207199108,14857.0,1.0
20.0,104.27830304292458,143.9915443576316,14859.0,1.0
1.0,62.605186774811344,67.92826834820329,14860.0,1.0
157.0,62.605186774811344,60.82139406417423,14861.0,1.0
2.0,132.06038055500005,165.7210965557017,14862.0,1.0
73.0,48.71414801877361,56.03616088124072,14863.0,1.0
2.0,90.38726428688683,62.997285009860335,14865.0,1.0
16.0,62.605186774811344,61.41613758932843,14866.0,1.0
34.99999999999999,90.38726428688683,83.68620872866819,14867.0,2.0
90.0,62.605186774811344,58.61545510066673,14868.0,0.0
70.0,90.38726428688683,89.7058282988846,14869.0,1.0
115.0,62.605186774811344,99.4707433318026,14870.0,2.0
212.0,62.605186774811344,80.47694227353878,14871.0,1.0
29.0,62.605186774811344,91.3487986526352,14873.0,2.0
50.0,48.71414801877361,72.95630333031416,14875.0,1.0
245.0,48.71414801877361,58.70421763607012,14878.0,1.0
31.000000000000007,48.71414801877361,55.72808235369278,14880.0,1.0
108.0,76.49622553084909,128.54030098665388,14881.0,1.0
4.0,104.27830304292458,91.43341663385633,14882.0,1.0
365.0,48.71414801877361,60.55130728329699,14883.0,1.0
81.0,62.605186774811344,102.8399205024642,14885.0,1.0
33.0,145.9514193110378,318.98809173371,14886.0,2.0
56.0,62.605186774811344,96.6762776744143,14888.0,2.0
29.0,201.51557433518877,212.8609104452034,14889.0,2.0
13.0,48.71414801877361,51.48060507590742,14890.0,2.0
71.0,62.605186774811344,58.04005282836307,14891.0,2.0
22.0,118.16934179896232,85.1381842105197,14893.0,1.0
18.0,48.71414801877361,60.816213371446395,14894.0,1.0
78.0,48.71414801877361,58.280091591418916,,
59.0,159.84245806707554,212.7165418078547,14896.0,2.0
24.0,48.71414801877361,57.53303570006669,14897.0,1.0
11.0,48.71414801877361,59.606348929741884,14898.0,1.0
252.0,48.71414801877361,50.01585055199396,14901.0,1.0
146.0,76.49622553084909,65.25364938258532,14902.0,1.0
63.0,90.38726428688683,70.14629559474238,14903.0,1.0
7.0,62.605186774811344,54.83665782499185,14904.0,1.0
10.0,159.84245806707554,273.86287655630156,14905.0,2.0
270.0,48.71414801877361,49.94712002847149,14907.0,0.0
9.0,104.27830304292458,88.6275534524668,14908.0,1.0
246.0,48.71414801877361,51.60321480379925,14910.0,1.0
95.0,62.605186774811344,68.68395872743523,,
14.0,48.71414801877361,54.0813128252751,14912.0,1.0
49.0,48.71414801877361,52.824131389989795,14913.0,1.0
29.0,48.71414801877361,53.09318203232145,14915.0,1.0
67.0,90.38726428688683,102.98221686272176,14916.0,1.0
34.0,76.49622553084909,83.57637804283833,14918.0,1.0
127.0,48.71414801877361,51.95964646347355,14920.0,2.0
106.0,76.49622553084909,93.39413614158015,14921.0,1.0
36.0,48.71414801877361,51.946522041896394,14923.0,1.0
56.0,48.71414801877361,49.330617593860424,14924.0,2.0
56.0,132.06038055500005,75.31041010583742,14929.0,1.0
71.0,104.27830304292458,114.70301609015095,14930.0,1.0
245.0,48.71414801877361,51.522741376760386,14931.0,1.0
18.0,62.605186774811344,55.36163468807803,14932.0,2.0
197.0,62.605186774811344,57.598312428437275,14934.0,1.0
211.0,48.71414801877361,59.55005206876619,14936.0,0.0
38.0,62.605186774811344,56.051012200393814,14937.0,1.0
45.0,76.49622553084909,56.08865856754933,14944.0,0.0
169.0,62.605186774811344,62.84255498705599,14946.0,1.0
47.0,48.71414801877361,63.88042043019675,14947.0,1.0
115.0,90.38726428688683,101.56961464560173,14948.0,1.0
146.0,48.71414801877361,89.75210915391982,14950.0,1.0
15.0,423.77219443179274,263.3471064573642,14951.0,1.0
50.0,48.71414801877361,65.33688584574568,14952.0,0.0
158.0,48.71414801877361,53.41507574047692,14953.0,1.0
11.0,76.49622553084909,91.57502223508351,14954.0,1.0
34.99999999999999,48.71414801877361,58.665880509884225,14957.0,2.0
53.0,62.605186774811344,62.6066607781824,14958.0,1.0
42.0,62.605186774811344,54.13208361400778,14959.0,1.0
172.0,48.71414801877361,53.86855904391912,14960.0,1.0
33.0,48.71414801877361,52.333001719392065,14961.0,0.0
38.0,76.49622553084909,65.13380269081499,14962.0,2.0
266.0,48.71414801877361,57.18282087166578,14963.0,1.0
8.0,159.84245806707554,114.12968609493842,14964.0,2.0
11.0,90.38726428688683,78.73173958329244,14965.0,1.0
2.0,187.62453557915103,267.09551033570256,14966.0,1.0
9.0,173.73349682311328,105.37466076443091,14967.0,1.0
32.0,48.71414801877361,61.01687886977079,14968.0,1.0
79.0,76.49622553084909,64.02824286269733,14970.0,1.0
30.0,90.38726428688683,74.9750465965896,14971.0,1.0
7.0,90.38726428688683,68.52819256608532,14972.0,1.0
71.0,62.605186774811344,55.41447775390183,14973.0,1.0
3.0,90.38726428688683,68.58518018609138,14974.0,1.0
255.0,76.49622553084909,59.70754512769205,14975.0,1.0
4.0,173.73349682311328,136.3641831442138,14976.0,1.0
15.0,145.9514193110378,172.94229145925812,14978.0,1.0
89.0,48.71414801877361,55.84585676837198,14981.0,2.0
71.0,76.49622553084909,63.266681031707186,14984.0,1.0
58.0,118.16934179896232,72.36190518467514,14985.0,2.0
169.0,48.71414801877361,54.22464532407823,14988.0,2.0
198.0,48.71414801877361,52.69046951761193,14995.0,1.0
18.0,270.9707681153775,310.0127142725124,14997.0,1.0
151.0,62.605186774811344,73.40391518199816,14998.0,2.0
8.0,243.18869060330204,146.6682356003407,15000.0,1.0
269.0,48.71414801877361,59.38288838341508,15002.0,1.0
64.0,90.38726428688683,61.26002604846333,15004.0,2.0
273.0,48.71414801877361,49.37897072598678,15005.0,0.0
24.0,76.49622553084909,87.10961048321435,15006.0,1.0
22.0,76.49622553084909,92.06373424907493,15007.0,2.0
318.0,48.71414801877361,55.44832494639028,15009.0,1.0
4.0,76.49622553084909,66.07392573115746,15010.0,1.0
11.0,62.605186774811344,58.42964092149545,15012.0,1.0
274.0,62.605186774811344,92.20775750690842,15014.0,1.0
24.0,187.62453557915103,120.44909508433823,15016.0,2.0
40.0,159.84245806707554,93.51398283335048,15017.0,1.0
7.0,90.38726428688683,58.463833493499074,15018.0,1.0
70.0,90.38726428688683,80.05661540355464,15019.0,2.0
212.0,48.71414801877361,60.80239819083887,15021.0,0.0
37.0,90.38726428688683,155.74066470530624,15022.0,1.0
52.0,48.71414801877361,78.85849386536654,15023.0,0.0
77.0,76.49622553084909,102.026897123711,15024.0,0.0
45.0,62.605186774811344,66.90870801936751,15025.0,1.0
178.0,48.71414801877361,86.31661911634208,15026.0,1.0
93.0,62.605186774811344,77.68696654984792,15027.0,1.0
9.0,76.49622553084909,84.03296976191723,15028.0,1.0
104.0,48.71414801877361,73.86016152156186,15030.0,1.0
77.0,48.71414801877361,69.43101461878746,15031.0,1.0
172.0,48.71414801877361,78.41848036301667,15032.0,2.0
212.0,90.38726428688683,73.29166683956197,15033.0,0.0
21.0,104.27830304292458,65.43048369436171,15034.0,0.0
256.0,48.71414801877361,51.04197309161831,15035.0,1.0
281.0,48.71414801877361,55.596147378890855,15036.0,1.0
20.0,62.605186774811344,88.0621671861036,15038.0,1.0
9.0,118.16934179896232,131.13410114571778,,
307.0,48.71414801877361,60.35754937527638,15041.0,2.0
67.0,48.71414801877361,64.59846444227317,15042.0,2.0
214.0,62.605186774811344,63.80754535249202,15044.0,0.0
17.0,118.16934179896232,147.71646242893712,15045.0,2.0
103.0,90.38726428688683,78.6944385956521,15046.0,0.0
42.0,48.71414801877361,55.57300695137325,15047.0,2.0
3.0,48.71414801877361,56.5639007804484,15048.0,1.0
181.0,48.71414801877361,70.428125279136,15049.0,2.0
83.0,48.71414801877361,56.2399347952018,15050.0,1.0
333.0,48.71414801877361,54.04677487375628,15051.0,1.0
8.0,62.605186774811344,52.14476988361446,15052.0,2.0
30.0,62.605186774811344,72.28833934794004,15053.0,1.0
196.0,62.605186774811344,82.75610169426618,15054.0,1.0
17.0,132.06038055500005,112.53299659622303,15057.0,2.0
17.0,104.27830304292458,95.17456754237568,15058.0,0.0
329.0,104.27830304292458,56.564591539478776,15059.0,1.0
141.0,90.38726428688683,92.9036972300128,15060.0,1.0
245.0,48.71414801877361,64.74490535671299,,
23.0,90.38726428688683,82.39897927556152,15062.0,1.0
28.0,76.49622553084909,102.13327401438899,15063.0,2.0
9.0,76.49622553084909,111.01332672939463,15065.0,1.0
29.0,173.73349682311328,139.5268233647928,15066.0,1.0
17.0,48.71414801877361,59.74242845872607,15067.0,1.0
17.0,90.38726428688683,87.62560747890564,15068.0,1.0
14.0,104.27830304292458,89.43366924091623,15069.0,2.0
245.0,48.71414801877361,57.19663605227331,15071.0,1.0
133.0,48.71414801877361,59.74208307921087,15073.0,1.0
49.0,62.605186774811344,63.804436936855325,15074.0,1.0
113.0,76.49622553084909,98.36172970853306,15075.0,1.0
6.0,62.605186774811344,118.17787939246016,15076.0,2.0
22.0,62.605186774811344,53.39573448762638,,
60.0,173.73349682311328,153.67149602981328,15079.0,2.0
65.0,48.71414801877361,59.96416210747694,15081.0,1.0
59.0,90.38726428688683,95.84598531990169,15083.0,2.0
49.0,173.73349682311328,107.30153307966629,15087.0,2.0
169.0,48.71414801877361,59.3970489435378,15088.0,1.0
17.0,104.27830304292458,75.33907660559805,15089.0,1.0
127.0,76.49622553084909,68.75925146174629,15090.0,2.0
14.0,145.9514193110378,92.87952066394962,15091.0,1.0
238.0,48.71414801877361,52.79822792635067,15092.0,2.0
2.0,90.38726428688683,90.63282691764991,15093.0,1.0
239.0,62.605186774811344,53.86165145361536,15095.0,1.0
51.0,132.06038055500005,107.69837414261761,15096.0,1.0
45.0,48.71414801877361,64.57463325572517,15097.0,1.0
225.0,48.71414801877361,56.95659728921747,15098.0,2.0
7.0,270.9707681153775,262.8431977447045,15099.0,1.0
3.0,90.38726428688683,88.45106452020559,15100.0,2.0
164.0,62.605186774811344,89.16220094197826,15101.0,1.0
239.0,48.71414801877361,68.72195047410594,15103.0,1.0
10.0,48.71414801877361,58.40166518076519,15104.0,2.0
133.0,48.71414801877361,64.42888310031572,15105.0,1.0
16.0,173.73349682311328,227.7875223326101,15106.0,1.0
9.0,215.40661309122657,209.8505825908224,15107.0,2.0
30.0,48.71414801877361,58.39752062658294,15108.0,1.0
74.0,48.71414801877361,58.23346535686851,15109.0,2.0
0.0,76.49622553084909,81.2036207734949,15110.0,1.0
3.0,76.49622553084909,102.60817084777285,15111.0,1.0
44.0,48.71414801877361,52.13199084155249,15113.0,1.0
356.0,48.71414801877361,49.790317728576014,15114.0,0.0
17.0,62.605186774811344,58.211015688381266,15115.0,1.0
68.0,76.49622553084909,77.11294579560501,15116.0,1.0
372.0,48.71414801877361,64.84161162096571,15117.0,1.0
320.0,48.71414801877361,53.62541186522658,15119.0,2.0
25.0,48.71414801877361,51.67608988150398,15120.0,1.0
8.0,104.27830304292458,97.41020914418937,15121.0,1.0
322.0,48.71414801877361,52.162038859373865,15122.0,1.0
71.0,48.71414801877361,55.335040465408525,15123.0,1.0
259.0,48.71414801877361,49.394512804170255,15124.0,1.0
17.0,90.38726428688683,105.99150857855717,15125.0,0.0
366.0,48.71414801877361,51.017796525555134,15127.0,1.0
65.0,76.49622553084909,62.97828913652498,15128.0,1.0
153.0,62.605186774811344,69.50768887115926,15129.0,0.0
28.0,62.605186774811344,62.0443829274559,15130.0,2.0
69.0,48.71414801877361,55.58785827052634,15132.0,1.0
13.0,62.605186774811344,61.508699299398884,15133.0,1.0
1.0,257.0797293593398,179.2862223942363,15134.0,1.0
119.0,76.49622553084909,76.22704733914709,15135.0,2.0
60.0,48.71414801877361,64.76044743489646,15136.0,1.0
2.0,243.18869060330204,246.70948445171476,15139.0,2.0
10.0,76.49622553084909,78.9420757080421,15140.0,1.0
91.0,62.605186774811344,54.68365469976345,15142.0,1.0
58.0,90.38726428688683,65.39249194769101,15143.0,2.0
86.0,104.27830304292458,86.55873015648905,15144.0,0.0
25.0,118.16934179896232,108.69272176684464,15145.0,1.0
356.0,48.71414801877361,55.78403383515328,15146.0,2.0
84.0,62.605186774811344,69.57503787662097,15147.0,2.0
9.0,90.38726428688683,62.512026791020816,15148.0,1.0
0.0,104.27830304292458,78.04788814321967,15149.0,1.0
224.0,48.71414801877361,58.25695116390131,15150.0,0.0
59.0,62.605186774811344,78.88681498561198,15152.0,0.0
240.0,48.71414801877361,51.51168923227436,15153.0,1.0
318.0,62.605186774811344,59.336262148864655,15154.0,1.0
1.0,145.9514193110378,103.76208380801688,15156.0,1.0
46.0,76.49622553084909,73.3790478569046,15157.0,1.0
87.0,48.71414801877361,51.33209188437645,15158.0,1.0
10.0,173.73349682311328,165.49556373228378,,
175.0,48.71414801877361,58.55570444453916,15160.0,2.0
51.0,118.16934179896232,105.50832263680878,15163.0,1.0
365.0,48.71414801877361,61.92315471762481,15164.0,1.0
225.0,62.605186774811344,74.0977826280114,15165.0,2.0
357.0,62.605186774811344,59.119709192841604,15167.0,2.0
233.0,48.71414801877361,62.1355631194656,15168.0,1.0
310.0,48.71414801877361,53.32873086167986,15172.0,1.0
36.0,104.27830304292458,87.37175353524225,15174.0,2.0
65.0,90.38726428688683,138.20022064695465,15175.0,1.0
238.0,62.605186774811344,62.83322974014591,15178.0,2.0
112.0,62.605186774811344,60.362384688489016,15179.0,1.0
276.0,48.71414801877361,54.484716099015,15180.0,2.0
217.0,201.51557433518877,125.62011718573704,15181.0,1.0
298.0,48.71414801877361,59.08413510277722,15182.0,2.0
1.0,90.38726428688683,96.53812586833898,15184.0,1.0
28.0,76.49622553084909,79.21907007922309,15185.0,1.0
9.0,62.605186774811344,74.47493705859699,15186.0,1.0
44.0,104.27830304292458,89.56042352299033,15187.0,0.0
66.0,145.9514193110378,100.66472031580845,,
73.0,48.71414801877361,58.933204254639946,15192.0,1.0
64.0,62.605186774811344,69.80885980840344,15193.0,1.0
133.0,76.49622553084909,100.65781272550468,15194.0,0.0
237.0,62.605186774811344,64.9452254755222,15197.0,1.0
121.0,48.71414801877361,51.836345976551335,15198.0,1.0
31.000000000000007,215.40661309122657,275.8826559611225,15199.0,1.0
40.0,145.9514193110378,157.55597943713576,15201.0,1.0
34.99999999999999,62.605186774811344,73.58074949377455,15203.0,1.0
15.0,104.27830304292458,77.60303932765717,15204.0,2.0
126.0,48.71414801877361,56.74487964640705,15205.0,1.0
66.0,48.71414801877361,78.76385987820495,15206.0,1.0
148.0,48.71414801877361,51.39598709468629,15208.0,1.0
282.0,48.71414801877361,58.94943709185379,15210.0,2.0
168.0,62.605186774811344,69.5183956361301,15211.0,1.0
99.0,118.16934179896232,108.53281105131248,15212.0,2.0
134.0,48.71414801877361,56.79668657368529,15213.0,2.0
323.0,48.71414801877361,54.17629219195187,15214.0,1.0
106.0,48.71414801877361,53.40126055986939,15215.0,1.0
63.0,48.71414801877361,61.59469879868077,15216.0,1.0
150.0,62.605186774811344,100.01402530919376,15218.0,0.0
337.0,48.71414801877361,52.11610338385383,15219.0,2.0
23.0,48.71414801877361,62.1148403485543,15220.0,1.0
15.0,132.06038055500005,90.03013966364638,15221.0,2.0
6.0,243.18869060330204,134.58478788196382,15223.0,2.0
56.0,62.605186774811344,72.36432284128146,15224.0,2.0
3.0,62.605186774811344,71.54266497464856,15225.0,2.0
37.0,48.71414801877361,67.25201525746466,15226.0,2.0
65.0,48.71414801877361,52.669055987670255,15227.0,1.0
46.0,48.71414801877361,56.35321927618355,15228.0,1.0
354.0,48.71414801877361,57.333060960772684,15230.0,2.0
171.0,48.71414801877361,51.021941079737395,15232.0,1.0
58.0,159.84245806707554,126.50843329880126,15234.0,2.0
49.0,48.71414801877361,52.340600068726204,15235.0,2.0
21.0,62.605186774811344,62.3182688830002,15236.0,2.0
42.0,104.27830304292458,127.65820170486302,15237.0,1.0
28.0,76.49622553084909,71.80826182182834,15238.0,1.0
4.0,284.8618068714153,231.71586893836152,15239.0,1.0
25.0,201.51557433518877,153.33855017717178,15240.0,1.0
200.0,48.71414801877361,54.24502271547434,15241.0,1.0
50.0,118.16934179896232,167.7947551648921,15243.0,1.0
9.0,76.49622553084909,70.16701836565368,15244.0,1.0
1.0,187.62453557915103,164.27050259191097,15245.0,1.0
163.0,48.71414801877361,68.71849667895407,15246.0,2.0
63.0,48.71414801877361,65.14174641966432,15247.0,1.0
50.0,187.62453557915103,189.68732649413107,15249.0,0.0
289.0,48.71414801877361,67.82120069849493,15251.0,0.0
60.0,145.9514193110378,71.97887930233135,15252.0,1.0
63.0,76.49622553084909,84.56001890209453,15253.0,1.0
95.0,48.71414801877361,55.086367214472965,15254.0,1.0
273.0,48.71414801877361,58.23795529056595,15255.0,1.0
74.0,90.38726428688683,77.11985338590877,15256.0,2.0
109.0,48.71414801877361,49.79169924663676,15257.0,2.0
198.0,48.71414801877361,58.842369442145426,15258.0,2.0
63.0,62.605186774811344,64.4088510884348,15260.0,1.0
3.0,48.71414801877361,57.83558815537161,15261.0,1.0
283.0,48.71414801877361,55.05873685325791,15262.0,2.0
43.0,48.71414801877361,54.818007331171685,15263.0,1.0
70.0,76.49622553084909,133.22813714630428,15264.0,1.0
85.0,48.71414801877361,70.98971237083214,15265.0,2.0
103.0,48.71414801877361,53.60088991964821,15266.0,2.0
333.0,48.71414801877361,58.76155063559137,15269.0,1.0
52.0,48.71414801877361,55.20552314721292,15270.0,1.0
38.0,76.49622553084909,84.25021347697064,15271.0,0.0
31.000000000000007,48.71414801877361,49.02357520485805,15272.0,1.0
369.0,76.49622553084909,91.75047502879916,15274.0,1.0
207.0,48.71414801877361,56.215758229138615,15275.0,1.0
156.0,76.49622553084909,60.1416871782837,15276.0,1.0
53.0,48.71414801877361,54.004293193388115,15277.0,1.0
65.0,62.605186774811344,67.40294610560193,15279.0,2.0
80.0,48.71414801877361,73.31066271289733,15280.0,2.0
129.0,48.71414801877361,62.02124249993828,15281.0,0.0
86.0,48.71414801877361,60.584809096270256,15286.0,1.0
0.0,76.49622553084909,67.47305814718516,15287.0,1.0
45.0,48.71414801877361,61.587791208377,15288.0,1.0
332.0,48.71414801877361,56.713795490040106,15289.0,1.0
365.0,48.71414801877361,50.81402261159405,15290.0,0.0
71.0,48.71414801877361,53.4541036256932,15291.0,0.0
157.0,62.605186774811344,63.03907593119812,15292.0,2.0
372.0,48.71414801877361,51.990039860810114,15296.0,0.0
11.0,132.06038055500005,115.69390991922612,15297.0,1.0
254.0,62.605186774811344,74.83240485681685,15298.0,0.0
28.0,62.605186774811344,57.564465235948816,15299.0,2.0
30.0,173.73349682311328,143.24448846627936,15300.0,1.0
4.0,340.4259618955663,324.5949827832764,15301.0,0.0
38.99999999999999,48.71414801877361,62.77555136110947,15303.0,2.0
361.0,48.71414801877361,52.824131389989795,15304.0,1.0
372.0,48.71414801877361,59.25509796279541,15306.0,1.0
95.0,62.605186774811344,71.32922043426221,15307.0,1.0
25.0,132.06038055500005,127.92759772670988,15308.0,2.0
74.0,62.605186774811344,67.55767612840629,,
56.0,90.38726428688683,111.12246665619413,15312.0,1.0
20.0,48.71414801877361,48.5656019677184,15313.0,1.0
40.0,132.06038055500005,130.40500498915537,15314.0,2.0
7.0,201.51557433518877,131.43630822150755,15315.0,1.0
128.0,48.71414801877361,50.62751767339238,15318.0,1.0
38.99999999999999,76.49622553084909,90.59345365291846,15319.0,2.0
168.0,132.06038055500005,167.98782231388236,15320.0,1.0
8.0,90.38726428688683,97.78011060495601,15321.0,1.0
213.0,62.605186774811344,63.80201928024901,15322.0,1.0
14.0,118.16934179896232,244.4120199166824,15325.0,1.0
169.0,62.605186774811344,69.12638988639141,15326.0,2.0
38.99999999999999,48.71414801877361,53.48587854109052,15327.0,1.0
185.0,48.71414801877361,60.80032591374774,15329.0,1.0
269.0,48.71414801877361,52.84968947411372,15330.0,1.0
4.0,90.38726428688683,97.08417088185163,15332.0,2.0
15.0,62.605186774811344,56.00369520681302,15333.0,2.0
9.0,90.38726428688683,121.6838268511363,15334.0,2.0
325.0,48.71414801877361,51.70682865835573,15335.0,1.0
112.0,48.71414801877361,57.94887263635337,15339.0,1.0
289.0,48.71414801877361,51.242293210427505,15341.0,1.0
15.0,62.605186774811344,94.4675756747853,15342.0,1.0
0.0,76.49622553084909,74.55437434709029,15343.0,1.0
127.0,76.49622553084909,55.200342454485096,15344.0,1.0
148.0,62.605186774811344,65.13380269081499,15345.0,1.0
188.0,48.71414801877361,56.53834269632446,15346.0,2.0
30.0,62.605186774811344,65.31961686998628,15347.0,2.0
33.0,90.38726428688683,83.40541518282014,15348.0,1.0
263.0,48.71414801877361,57.223575654457996,15349.0,2.0
83.0,145.9514193110378,160.1349282770466,15350.0,2.0
25.0,90.38726428688683,93.89666333617907,15351.0,1.0
170.0,48.71414801877361,53.531814016610554,15353.0,2.0
9.0,76.49622553084909,73.26714489398361,15355.0,1.0
312.0,48.71414801877361,65.10202777541767,15356.0,0.0
64.0,90.38726428688683,177.9689449233082,15358.0,0.0
84.0,48.71414801877361,65.56863550043701,15360.0,1.0
24.0,48.71414801877361,50.92247177936317,15361.0,2.0
58.0,90.38726428688683,80.33844508794829,15363.0,2.0
322.0,62.605186774811344,51.370083631047166,15364.0,1.0
37.0,48.71414801877361,48.25476040404896,15365.0,1.0
253.0,62.605186774811344,58.50009834259385,15366.0,1.0
18.0,104.27830304292458,97.98561141649303,15367.0,1.0
32.0,76.49622553084909,98.21736107118436,15368.0,1.0
14.0,48.71414801877361,50.588144408660916,15370.0,1.0
26.0,62.605186774811344,60.4304244529811,15373.0,0.0
22.0,48.71414801877361,53.908277688165775,15374.0,1.0
213.0,62.605186774811344,66.41481531264829,15376.0,1.0
7.0,104.27830304292458,77.22726641513233,15379.0,2.0
21.0,48.71414801877361,53.15189654990346,15380.0,1.0
11.0,76.49622553084909,86.76561248608682,15381.0,2.0
261.0,48.71414801877361,54.908842143666206,15382.0,0.0
130.0,48.71414801877361,53.40367821647571,15384.0,2.0
54.0,76.49622553084909,61.247247006401366,15385.0,1.0
1.0,132.06038055500005,156.17377061735232,15386.0,2.0
8.0,62.605186774811344,96.97952088874959,15388.0,2.0
263.0,48.71414801877361,51.91578326504464,15392.0,1.0
330.0,48.71414801877361,53.35497970483417,15393.0,1.0
312.0,48.71414801877361,65.07957810693043,15394.0,1.0
25.0,76.49622553084909,79.87978109177826,15395.0,2.0
29.0,48.71414801877361,62.841518848510425,15396.0,1.0
29.0,76.49622553084909,66.60235638939552,15397.0,2.0
1.0,132.06038055500005,95.94718151785185,15398.0,1.0
361.0,48.71414801877361,54.1814728846797,15399.0,1.0
282.0,76.49622553084909,61.614040051531305,15400.0,1.0
261.0,48.71414801877361,56.183637934226105,15402.0,2.0
24.0,48.71414801877361,52.931889798728534,15405.0,2.0
353.0,48.71414801877361,55.48217213887873,15406.0,1.0
93.0,76.49622553084909,52.98991355728016,15407.0,1.0
28.0,48.71414801877361,52.11610338385383,15408.0,2.0
337.0,48.71414801877361,84.22085621817963,15410.0,0.0
19.0,284.8618068714153,184.1767963293022,15411.0,1.0
84.0,48.71414801877361,59.549706689251,15412.0,2.0
8.0,76.49622553084909,66.12400576085977,15414.0,1.0
50.0,62.605186774811344,64.14256348222465,15415.0,2.0
49.0,62.605186774811344,66.59613955812213,15416.0,1.0
1.0,48.71414801877361,61.39230640278044,15417.0,1.0
112.0,48.71414801877361,60.82864703399318,15419.0,1.0
76.0,48.71414801877361,63.67975493187235,15421.0,1.0
38.99999999999999,62.605186774811344,87.39454858324467,15422.0,2.0
115.0,48.71414801877361,79.26984086795576,15423.0,1.0
15.0,187.62453557915103,182.62742382416764,15424.0,2.0
160.0,90.38726428688683,55.24213337582288,15426.0,1.0
0.0,90.38726428688683,140.43206307410125,15427.0,1.0
29.0,76.49622553084909,116.22061367988822,15428.0,1.0
92.0,48.71414801877361,48.51379504044016,15429.0,1.0
22.0,76.49622553084909,78.87403594355,15432.0,1.0
94.0,118.16934179896232,147.4957649187318,15433.0,2.0
27.0,62.605186774811344,70.29135499112145,15434.0,1.0
32.0,104.27830304292458,117.133797118046,15435.0,1.0
20.0,62.605186774811344,88.52704801354702,15436.0,1.0
17.0,62.605186774811344,74.6244863886735,15437.0,2.0
7.0,90.38726428688683,85.85899125871761,15438.0,1.0
15.0,201.51557433518877,326.55190311633316,15440.0,1.0
362.0,48.71414801877361,53.07591305656204,15443.0,0.0
80.0,48.71414801877361,49.82036574639739,15444.0,1.0
52.0,104.27830304292458,118.02004095401912,15445.0,2.0
22.0,76.49622553084909,75.74144374079238,15447.0,2.0
171.0,48.71414801877361,65.00083157746751,15448.0,2.0
188.0,118.16934179896232,80.00653537385236,15449.0,1.0
330.0,48.71414801877361,56.63021364736454,15450.0,1.0
11.0,104.27830304292458,79.398667427121,15452.0,1.0
155.0,62.605186774811344,52.17481790143584,15453.0,1.0
11.0,173.73349682311328,122.79076819731472,15454.0,2.0
44.0,76.49622553084909,50.15193008097813,15456.0,2.0
232.0,48.71414801877361,56.95728804824784,15457.0,2.0
63.0,145.9514193110378,113.31838961376117,15458.0,1.0
1.0,48.71414801877361,59.07204681974563,15460.0,2.0
38.99999999999999,145.9514193110378,141.1846450376965,15462.0,1.0
32.0,62.605186774811344,59.30690489007365,15463.0,1.0
83.0,48.71414801877361,51.34625244449917,15464.0,2.0
24.0,48.71414801877361,63.19242443594172,15465.0,0.0
1.0,76.49622553084909,76.5213106860875,15466.0,1.0
32.0,62.605186774811344,53.12253929111246,15467.0,1.0
18.0,145.9514193110378,128.38418944578876,15468.0,1.0
253.0,48.71414801877361,53.91311300137841,15469.0,1.0
22.0,187.62453557915103,179.11940408840036,15471.0,1.0
21.0,90.38726428688683,96.76711248690881,15472.0,1.0
7.0,62.605186774811344,117.09235157622342,15475.0,1.0
24.0,90.38726428688683,102.11289662299288,15478.0,1.0
18.0,76.49622553084909,73.1521335154259,15480.0,1.0
172.0,90.38726428688683,66.52188296235664,15482.0,0.0
162.0,48.71414801877361,51.82667535012607,15483.0,2.0
6.0,48.71414801877361,64.52075405135581,15484.0,1.0
10.0,48.71414801877361,54.39284514797492,15485.0,1.0
113.0,48.71414801877361,50.93594158045551,15488.0,1.0
287.0,48.71414801877361,52.41174824885499,15489.0,1.0
8.0,159.84245806707554,169.0412298352066,15491.0,1.0
53.0,62.605186774811344,58.105674936248846,15492.0,1.0
6.0,229.2976518472643,207.15075092059567,15493.0,1.0
76.0,76.49622553084909,104.7505599804857,15494.0,1.0
3.0,90.38726428688683,67.87680680044025,15497.0,1.0
36.0,48.71414801877361,62.82010531856876,,
216.0,48.71414801877361,51.10828595853446,15500.0,1.0
59.0,48.71414801877361,63.09675431023456,15502.0,0.0
277.0,48.71414801877361,55.497368837547015,15503.0,2.0
11.0,257.0797293593398,211.25731335618423,15504.0,1.0
23.0,48.71414801877361,55.93151088813867,15505.0,1.0
28.0,48.71414801877361,61.2462108678558,15506.0,1.0
11.0,90.38726428688683,75.64646437411561,15507.0,2.0
21.0,76.49622553084909,91.83405687147471,15508.0,2.0
49.0,62.605186774811344,53.97631745265787,15510.0,2.0
18.0,48.71414801877361,50.5739838485382,15511.0,1.0
2.0,76.49622553084909,74.18550902486922,15512.0,2.0
131.0,62.605186774811344,50.47934986137661,,
6.0,201.51557433518877,189.86657846251381,15514.0,0.0
11.0,90.38726428688683,68.70295460077058,15516.0,1.0
4.0,132.06038055500005,134.29846826387273,15517.0,2.0
31.000000000000007,62.605186774811344,66.93668376009776,15518.0,1.0
177.0,90.38726428688683,71.20557456782481,15520.0,1.0
37.0,48.71414801877361,72.22858869181246,15521.0,0.0
150.0,76.49622553084909,56.93691065685173,15522.0,1.0
161.0,48.71414801877361,52.385499405700685,15523.0,1.0
68.0,62.605186774811344,60.035655667120906,15524.0,1.0
120.0,215.40661309122657,175.09435121839624,15525.0,1.0
24.0,76.49622553084909,71.58203823938003,15526.0,1.0
23.0,90.38726428688683,71.48533197512731,15527.0,0.0
176.0,48.71414801877361,63.72085509417977,15528.0,2.0
49.0,76.49622553084909,58.53947160732531,15529.0,0.0
255.0,76.49622553084909,64.52317170796212,15530.0,1.0
46.0,48.71414801877361,58.86343759257192,15531.0,1.0
70.0,48.71414801877361,54.89640848111942,15532.0,1.0
15.0,104.27830304292458,108.98629435475468,15533.0,1.0
100.0,104.27830304292458,96.57646299452487,15535.0,2.0
34.0,48.71414801877361,59.20570869212349,15537.0,2.0
52.0,48.71414801877361,56.30831993920908,15539.0,1.0
26.0,62.605186774811344,73.22708087022176,15540.0,1.0
10.0,229.2976518472643,265.8652685026019,15541.0,1.0
7.0,132.06038055500005,71.88735373080645,15543.0,2.0
51.0,48.71414801877361,55.469393096816766,15544.0,0.0
34.99999999999999,104.27830304292458,89.38013541606205,15545.0,1.0
60.0,159.84245806707554,143.24863302046163,15547.0,0.0
336.0,48.71414801877361,51.61392156877009,15549.0,1.0
59.0,76.49622553084909,80.21134542635899,15550.0,1.0
183.0,48.71414801877361,58.30461353699729,15551.0,1.0
51.0,48.71414801877361,51.879863795465056,15552.0,2.0
9.0,215.40661309122657,89.60739513705593,15553.0,1.0
34.99999999999999,62.605186774811344,54.73580700655688,15554.0,2.0
9.0,340.4259618955663,359.5998874066381,15555.0,0.0
32.0,90.38726428688683,74.82656794301016,15556.0,1.0
10.0,48.71414801877361,54.60628968836128,15557.0,1.0
56.0,76.49622553084909,101.43629815273906,15561.0,1.0
3.0,76.49622553084909,54.97273735397603,15563.0,1.0
42.0,159.84245806707554,175.63556091869623,15565.0,1.0
140.0,48.71414801877361,58.3926853133703,15567.0,1.0
116.0,90.38726428688683,67.57356358610494,15568.0,1.0
103.0,90.38726428688683,88.10879342065402,15569.0,1.0
74.0,62.605186774811344,68.8000062445385,15570.0,0.0
4.0,159.84245806707554,144.59975768387812,15571.0,1.0
44.0,62.605186774811344,88.16163648647783,15572.0,0.0
15.0,145.9514193110378,154.44687304141095,15573.0,1.0
16.0,48.71414801877361,56.40744386006811,15574.0,2.0
89.0,62.605186774811344,73.02745151044294,15576.0,1.0
52.0,48.71414801877361,55.710122618902986,15577.0,2.0
133.0,48.71414801877361,62.68540730764532,15578.0,2.0
104.0,90.38726428688683,110.61026883516993,15579.0,1.0
191.0,76.49622553084909,70.928925576159,15581.0,0.0
165.0,90.38726428688683,76.07508035246425,15582.0,1.0
18.0,48.71414801877361,66.31500063275888,15584.0,1.0
157.0,76.49622553084909,62.49890236944367,15585.0,2.0
203.0,62.605186774811344,68.69604701046683,15587.0,1.0
36.0,76.49622553084909,64.97665501140432,15589.0,2.0
90.0,48.71414801877361,59.660573513626446,15592.0,1.0
115.0,48.71414801877361,49.653547440561454,15593.0,1.0
8.0,62.605186774811344,61.66964615347662,15594.0,1.0
242.0,48.71414801877361,67.36011904571859,15596.0,1.0
44.0,90.38726428688683,73.8473824794999,15597.0,1.0
22.0,48.71414801877361,49.03186431322257,15598.0,1.0
189.0,104.27830304292458,83.36604191808867,15599.0,1.0
43.0,48.71414801877361,57.52301969412623,15601.0,0.0
24.0,159.84245806707554,101.89358063084832,15602.0,1.0
316.0,48.71414801877361,48.679577207730524,15604.0,1.0
105.0,48.71414801877361,52.2818855511442,15605.0,1.0
50.0,48.71414801877361,61.34222637307815,15606.0,0.0
167.0,62.605186774811344,116.85922040347133,15607.0,2.0
38.99999999999999,48.71414801877361,58.40270131931076,15608.0,1.0
38.99999999999999,90.38726428688683,65.69642592105669,15609.0,2.0
296.0,48.71414801877361,53.972518277990794,15610.0,1.0
18.0,132.06038055500005,91.93525306942489,15611.0,0.0
87.0,90.38726428688683,145.22696688346002,15612.0,1.0
72.0,104.27830304292458,129.6406801220437,15615.0,0.0
80.0,76.49622553084909,56.92758540994165,15618.0,1.0
18.0,76.49622553084909,163.2737373110776,15619.0,1.0
48.0,48.71414801877361,70.69510364437654,15620.0,1.0
52.0,48.71414801877361,58.02209309357328,15621.0,1.0
23.0,90.38726428688683,71.86075950813697,15622.0,0.0
8.0,76.49622553084909,89.8847348877521,15623.0,1.0
24.0,104.27830304292458,97.25237070574833,15624.0,1.0
116.0,48.71414801877361,53.27830545246237,15625.0,1.0
8.0,159.84245806707554,150.89050017351732,15626.0,1.0
119.0,62.605186774811344,56.77181924859174,15628.0,0.0
3.0,62.605186774811344,54.95443223967105,15630.0,1.0
27.0,48.71414801877361,54.593856025814496,15632.0,0.0
7.0,215.40661309122657,173.09425844594094,15634.0,1.0
266.0,62.605186774811344,61.67482684620444,15636.0,1.0
32.0,145.9514193110378,142.5074485808676,15637.0,1.0
17.0,48.71414801877361,58.69040245546259,15639.0,1.0
171.0,62.605186774811344,70.64847740982613,,
1.0,90.38726428688683,100.21365466897257,15641.0,1.0
264.0,48.71414801877361,55.3005025138897,15643.0,2.0
139.0,90.38726428688683,124.82263588516732,15644.0,2.0
200.0,48.71414801877361,50.86582953887229,15645.0,1.0
63.0,90.38726428688683,84.6252956304651,15646.0,2.0
34.0,90.38726428688683,80.1319081378657,15648.0,2.0
40.0,132.06038055500005,162.7971135801178,15651.0,1.0
283.0,48.71414801877361,50.40129409094406,15652.0,1.0
8.0,104.27830304292458,81.51826151183141,15653.0,1.0
142.0,62.605186774811344,60.315413074423404,15654.0,1.0
11.0,62.605186774811344,59.42364316620729,15655.0,2.0
145.0,90.38726428688683,77.95014574042138,15656.0,1.0
233.0,48.71414801877361,53.18677988093748,15657.0,1.0
32.0,215.40661309122657,222.2607593305674,15658.0,2.0
23.0,48.71414801877361,68.27053944775487,15659.0,1.0
11.0,48.71414801877361,65.37107841774933,15660.0,1.0
34.99999999999999,90.38726428688683,86.14358397923274,15661.0,2.0
364.0,48.71414801877361,55.01038372113155,15663.0,1.0
200.0,62.605186774811344,55.533633686641785,15664.0,1.0
14.0,48.71414801877361,62.33761013585074,15665.0,2.0
16.0,132.06038055500005,211.4434729148707,15667.0,1.0
212.0,48.71414801877361,50.93145164675806,15669.0,1.0
65.0,76.49622553084909,86.22785658093869,15670.0,2.0
211.0,62.605186774811344,57.67325978323313,15671.0,1.0
282.0,48.71414801877361,53.6012352991634,15673.0,1.0
114.0,62.605186774811344,72.7577101090809,15674.0,1.0
14.0,145.9514193110378,88.26006964830648,15675.0,1.0
18.0,257.0797293593398,180.5813955761923,15676.0,1.0
65.0,48.71414801877361,50.675870805518734,15677.0,1.0
48.0,48.71414801877361,52.37513802024504,15678.0,1.0
15.0,90.38726428688683,75.08936721611693,15679.0,1.0
77.0,48.71414801877361,48.23610991022879,15680.0,1.0
18.0,90.38726428688683,85.8006221206508,15681.0,1.0
133.0,48.71414801877361,54.314789377542375,15683.0,1.0
12.0,76.49622553084909,74.42554778792507,15687.0,0.0
38.99999999999999,48.71414801877361,53.15258730893383,15689.0,1.0
2.0,145.9514193110378,129.60476065246414,15690.0,1.0
38.99999999999999,132.06038055500005,138.66475609488288,15692.0,1.0
50.0,76.49622553084909,63.833794195646334,15694.0,0.0
9.0,118.16934179896232,127.7124262887476,15695.0,2.0
60.0,90.38726428688683,66.40307240913188,15696.0,0.0
65.0,62.605186774811344,71.66734697963153,15699.0,1.0
24.0,48.71414801877361,55.08464031689703,15700.0,2.0
217.0,76.49622553084909,56.73520901998178,15701.0,1.0
64.0,62.605186774811344,68.15725496677311,15703.0,2.0
31.000000000000007,62.605186774811344,85.5357160325014,15704.0,1.0
87.0,118.16934179896232,154.97944825383126,15705.0,2.0
63.0,48.71414801877361,58.87725277317944,15706.0,1.0
115.0,76.49622553084909,69.47246016061005,15707.0,1.0
234.0,48.71414801877361,52.21073737101542,15708.0,0.0
5.0,48.71414801877361,52.44421392328269,15709.0,2.0
68.0,48.71414801877361,57.34860303895615,15712.0,1.0
244.0,48.71414801877361,51.618756881982726,15713.0,1.0
132.0,48.71414801877361,56.10454602524799,15714.0,1.0
240.0,76.49622553084909,64.4326822749828,15716.0,1.0
183.0,76.49622553084909,64.41092336552593,15717.0,2.0
24.0,76.49622553084909,59.92720649935179,15719.0,0.0
9.0,76.49622553084909,113.61023530409526,15720.0,1.0
10.0,48.71414801877361,54.82802333711214,15721.0,1.0
32.0,104.27830304292458,107.38615106088741,15722.0,1.0
45.0,76.49622553084909,216.93466182684904,15723.0,2.0
25.0,76.49622553084909,80.73943070508186,15724.0,2.0
357.0,48.71414801877361,58.27629241675185,15725.0,1.0
9.0,48.71414801877361,55.10121853362607,15727.0,0.0
43.0,62.605186774811344,100.74795677896883,15729.0,2.0
14.0,62.605186774811344,53.19610512784755,15730.0,1.0
149.0,48.71414801877361,68.82798198526874,15732.0,2.0
0.0,145.9514193110378,141.6474535880488,15733.0,2.0
318.0,48.71414801877361,48.51379504044016,15734.0,1.0
75.0,76.49622553084909,77.43207646763896,15737.0,1.0
106.0,62.605186774811344,72.14051691543946,15738.0,0.0
45.0,76.49622553084909,84.74237928611393,15739.0,1.0
142.0,48.71414801877361,63.586847842286716,15740.0,1.0
50.0,48.71414801877361,53.34427293986332,15743.0,1.0
0.0,215.40661309122657,190.8595445686801,15744.0,1.0
22.0,257.0797293593398,222.19824563831833,15745.0,1.0
45.0,76.49622553084909,71.17828958612493,15746.0,1.0
49.0,76.49622553084909,79.21458014552564,15747.0,1.0
305.0,90.38726428688683,170.5595181839742,15748.0,1.0
34.99999999999999,104.27830304292458,65.1628145700908,15750.0,0.0
78.0,90.38726428688683,96.07186352283482,15752.0,1.0
21.0,118.16934179896232,123.32921486149323,15754.0,1.0
106.0,90.38726428688683,69.82992795882993,15755.0,1.0
207.0,62.605186774811344,85.81858185544058,15756.0,1.0
16.0,90.38726428688683,93.74780476513294,15757.0,1.0
63.0,76.49622553084909,68.80760459387264,15758.0,1.0
48.0,90.38726428688683,110.34950730120279,15759.0,2.0
319.0,48.71414801877361,52.03597533633016,15762.0,1.0
43.0,62.605186774811344,67.71551456684732,15763.0,1.0
2.0,62.605186774811344,78.57804569903365,15764.0,1.0
371.0,48.71414801877361,48.51379504044016,15766.0,1.0
171.0,48.71414801877361,64.39918046200954,15768.0,1.0
55.0,76.49622553084909,99.41133805519021,15769.0,2.0
72.0,229.2976518472643,111.41051317186117,15773.0,1.0
98.0,62.605186774811344,66.76088558686693,15774.0,1.0
37.0,48.71414801877361,67.88958584250221,15775.0,2.0
57.0,76.49622553084909,64.36982320321853,15776.0,1.0
253.0,48.71414801877361,76.89673821909714,15777.0,2.0
69.0,90.38726428688683,122.90267116023571,15780.0,2.0
43.0,90.38726428688683,80.94803993225558,15781.0,1.0
49.0,48.71414801877361,52.74020416779904,15782.0,1.0
64.0,48.71414801877361,61.53391200400763,15783.0,1.0
24.0,104.27830304292458,72.78844888593265,15785.0,1.0
32.0,76.49622553084909,83.30076518971809,15786.0,0.0
58.0,62.605186774811344,59.55903193616109,15787.0,1.0
72.0,90.38726428688683,73.38112013399574,15789.0,2.0
303.0,48.71414801877361,52.104015100822245,15790.0,1.0
45.0,48.71414801877361,52.511217549229215,15791.0,1.0
17.0,145.9514193110378,163.33763252138743,15793.0,1.0
37.0,62.605186774811344,59.35145884753294,15795.0,2.0
18.0,62.605186774811344,55.48666207257618,15796.0,0.0
186.0,62.605186774811344,53.54631995624847,15797.0,2.0
51.0,48.71414801877361,51.822530795943806,15799.0,1.0
3.0,187.62453557915103,118.48975709467517,15800.0,1.0
136.0,104.27830304292458,72.59503635742722,15801.0,1.0
18.0,48.71414801877361,54.02605210284497,15802.0,1.0
15.0,104.27830304292458,96.28772571982748,15803.0,1.0
40.0,145.9514193110378,81.12487424403197,15804.0,0.0
11.0,145.9514193110378,151.6185601915342,15805.0,0.0
7.0,90.38726428688683,74.6396830873418,15806.0,1.0
25.0,62.605186774811344,50.373318350213815,15807.0,1.0
66.0,76.49622553084909,63.26840792928313,15808.0,2.0
40.0,76.49622553084909,78.10349424516497,15809.0,1.0
100.0,48.71414801877361,55.95775973129298,15810.0,1.0
4.0,243.18869060330204,176.02100445764637,15811.0,1.0
276.0,62.605186774811344,52.119557179005724,15812.0,1.0
32.0,48.71414801877361,60.22526902095927,15813.0,2.0
14.0,62.605186774811344,60.461508609348044,15814.0,1.0
63.0,132.06038055500005,124.06211019272274,15815.0,1.0
1.0,62.605186774811344,63.58201252907408,15819.0,1.0
368.0,48.71414801877361,59.85191376504075,15820.0,2.0
311.0,90.38726428688683,56.080714838700004,15821.0,1.0
198.0,90.38726428688683,62.70060400631361,15822.0,1.0
1.0,62.605186774811344,61.68933278584235,15823.0,2.0
92.0,76.49622553084909,61.09769767632484,15825.0,2.0
59.0,48.71414801877361,51.948594318987524,15826.0,1.0
80.0,48.71414801877361,53.80880838779155,15827.0,0.0
156.0,62.605186774811344,63.42970016287606,15829.0,1.0
226.0,48.71414801877361,64.60709893015287,15830.0,1.0
252.0,62.605186774811344,57.098202890444654,15831.0,1.0
149.0,48.71414801877361,48.75038000834412,15832.0,2.0
193.0,62.605186774811344,51.326220432618264,15834.0,1.0
0.0,104.27830304292458,80.51769705633099,15835.0,1.0
368.0,48.71414801877361,49.93848554059178,15836.0,1.0
23.0,48.71414801877361,60.122345925433166,15837.0,1.0
16.0,76.49622553084909,59.70167367593385,15838.0,1.0
9.0,132.06038055500005,129.7346233501749,15839.0,1.0
7.0,48.71414801877361,53.68343562377821,15840.0,1.0
19.0,132.06038055500005,102.14052698420794,15841.0,1.0
3.0,76.49622553084909,81.40946696454711,15843.0,2.0
173.0,48.71414801877361,54.62494018218145,15844.0,1.0
0.0,145.9514193110378,90.55269887012624,15845.0,0.0
177.0,62.605186774811344,57.1351584985698,15847.0,1.0
15.0,145.9514193110378,100.62362015350105,15850.0,1.0
247.0,48.71414801877361,52.24734759962538,15852.0,2.0
190.0,62.605186774811344,59.53934530379536,15853.0,1.0
19.0,62.605186774811344,70.09621556504007,15854.0,0.0
153.0,90.38726428688683,53.7808326470613,15855.0,1.0
172.0,48.71414801877361,56.79979498932199,,
372.0,48.71414801877361,56.592221900693836,15857.0,1.0
372.0,48.71414801877361,51.31827670376893,15858.0,1.0
193.0,48.71414801877361,55.15026242478281,15860.0,1.0
66.0,48.71414801877361,62.73065202413499,15861.0,0.0
3.0,145.9514193110378,106.81765637888752,15862.0,1.0
20.0,76.49622553084909,84.63703853398151,15863.0,1.0
238.0,62.605186774811344,62.393216237796054,15864.0,1.0
63.0,48.71414801877361,53.01581702091928,15865.0,1.0
111.0,104.27830304292458,58.860674556450405,15866.0,1.0
89.0,201.51557433518877,78.69685625225841,15867.0,0.0
310.0,48.71414801877361,49.232184432031765,15869.0,2.0
133.0,48.71414801877361,58.09600430982358,15870.0,1.0
276.0,48.71414801877361,59.224013806428474,15872.0,1.0
364.0,48.71414801877361,48.4654419083138,15874.0,1.0
82.0,48.71414801877361,67.75281555448765,15877.0,1.0
7.0,62.605186774811344,80.17957051096167,15880.0,2.0
16.0,62.605186774811344,60.070193618639735,15881.0,2.0
31.000000000000007,90.38726428688683,108.97282455366233,15882.0,2.0
8.0,62.605186774811344,72.45619379232154,15883.0,1.0
33.0,90.38726428688683,75.20645087176575,15885.0,1.0
14.0,145.9514193110378,83.72972654758192,15886.0,1.0
23.0,229.2976518472643,187.31007929109023,15888.0,1.0
31.000000000000007,48.71414801877361,62.80870779456754,15889.0,2.0
73.0,48.71414801877361,51.59976100864736,15891.0,2.0
19.0,62.605186774811344,64.25481182466083,15894.0,2.0
16.0,90.38726428688683,76.68018526307411,15895.0,2.0
22.0,62.605186774811344,62.46125600228814,15897.0,2.0
2.0,76.49622553084909,71.00145527434854,15898.0,1.0
303.0,48.71414801877361,58.84409633972137,15899.0,2.0
52.0,132.06038055500005,57.42631342987351,15900.0,1.0
366.0,48.71414801877361,55.991261544266244,15901.0,1.0
38.0,132.06038055500005,160.99388713131984,15903.0,1.0
83.0,48.71414801877361,60.80965116065782,15904.0,1.0
164.0,62.605186774811344,62.61840368169881,15906.0,1.0
16.0,62.605186774811344,74.52674398587523,15907.0,1.0
76.0,48.71414801877361,83.0234254390219,15909.0,2.0
88.0,76.49622553084909,91.16816516619173,15910.0,1.0
24.0,145.9514193110378,128.41665512021646,15912.0,2.0
21.0,90.38726428688683,89.8439801049599,15916.0,1.0
2.0,159.84245806707554,119.80876146317917,15917.0,2.0
122.0,62.605186774811344,69.415472540604,15918.0,2.0
29.0,48.71414801877361,52.351652213212226,15919.0,1.0
11.0,118.16934179896232,81.01746121480842,15920.0,2.0
18.0,48.71414801877361,53.3156064401027,15921.0,2.0
43.0,62.605186774811344,72.51456293038837,15922.0,2.0
3.0,48.71414801877361,49.4459743519333,15923.0,2.0
8.0,132.06038055500005,143.34464852568397,15925.0,2.0
54.0,48.71414801877361,61.19164090445605,15930.0,1.0
87.0,118.16934179896232,84.62944018464736,15932.0,1.0
36.0,104.27830304292458,154.45585290880584,15933.0,1.0
29.0,104.27830304292458,137.39272334044446,15935.0,2.0
11.0,90.38726428688683,69.25003575282881,15937.0,1.0
210.0,48.71414801877361,51.49787405166683,15938.0,1.0
47.0,90.38726428688683,105.81571040532634,15939.0,0.0
23.0,76.49622553084909,63.88525574340939,15940.0,2.0
21.0,90.38726428688683,82.28189561991269,15942.0,1.0
245.0,76.49622553084909,62.06994101157983,15944.0,2.0
7.0,257.0797293593398,161.91328740075102,15945.0,2.0
34.0,76.49622553084909,92.0789309477432,15947.0,1.0
7.0,145.9514193110378,84.09133889998404,15948.0,1.0
37.0,76.49622553084909,70.8729740946985,15949.0,1.0
3.0,76.49622553084909,68.1724516654414,15950.0,1.0
2.0,145.9514193110378,100.10520550120346,15951.0,1.0
46.0,48.71414801877361,55.31362693546685,15952.0,1.0
38.0,62.605186774811344,61.63338130438186,15953.0,1.0
46.0,159.84245806707554,169.40629598276058,15955.0,0.0
16.0,76.49622553084909,73.8649968347745,15957.0,1.0
259.0,48.71414801877361,69.6952299479065,15958.0,1.0
45.0,76.49622553084909,72.85648865042475,15963.0,1.0
11.0,48.71414801877361,55.75294967878633,15965.0,1.0
29.0,48.71414801877361,63.18068153242531,15967.0,1.0
42.0,48.71414801877361,56.14979074173766,15969.0,1.0
136.0,90.38726428688683,57.683621168688774,15970.0,2.0
309.0,48.71414801877361,59.07550061489751,15971.0,1.0
91.0,62.605186774811344,66.95498887440274,15973.0,2.0
5.0,312.64388438349073,352.49612153824575,15974.0,0.0
195.0,76.49622553084909,62.0561258309723,15975.0,1.0
86.0,62.605186774811344,69.25867024070851,15976.0,2.0
269.0,76.49622553084909,77.52636507528537,15977.0,1.0
7.0,76.49622553084909,64.29004053521004,15978.0,1.0
64.0,76.49622553084909,91.44826795300942,15980.0,1.0
21.0,104.27830304292458,88.53879091706341,15981.0,0.0
37.0,90.38726428688683,72.03379464524627,15983.0,1.0
119.0,90.38726428688683,94.30075736894936,15984.0,0.0
372.0,62.605186774811344,56.852638055145796,15985.0,1.0
38.99999999999999,76.49622553084909,85.87246105980996,15986.0,1.0
173.0,48.71414801877361,51.22087968048583,15987.0,1.0
53.0,48.71414801877361,59.85398604213187,15988.0,1.0
32.0,62.605186774811344,91.26314453286851,15990.0,1.0
144.0,48.71414801877361,74.60583589485334,15992.0,1.0
220.0,48.71414801877361,52.65144163239565,15993.0,0.0
44.0,48.71414801877361,69.54913441298186,15994.0,1.0
15.0,132.06038055500005,126.15925460894593,15996.0,1.0
65.0,118.16934179896232,98.4162996719328,15998.0,1.0
9.0,90.38726428688683,80.79365528896642,16003.0,1.0
259.0,48.71414801877361,59.576991670950875,16005.0,1.0
364.0,48.71414801877361,59.43780372633001,16006.0,2.0
16.0,104.27830304292458,93.49153316486323,16007.0,1.0
21.0,62.605186774811344,77.42724115442634,16008.0,1.0
44.0,48.71414801877361,59.26338707115993,16009.0,1.0
287.0,48.71414801877361,67.94484656493233,16010.0,2.0
2.0,159.84245806707554,120.78135017794934,16011.0,0.0
283.0,48.71414801877361,50.73113152794886,16012.0,1.0
16.0,76.49622553084909,53.49209537236391,16013.0,1.0
81.0,62.605186774811344,55.49598731948627,16014.0,1.0
55.0,104.27830304292458,138.73037820276863,16015.0,1.0
100.0,62.605186774811344,68.93055970127966,16016.0,1.0
298.0,48.71414801877361,63.060489461139795,16017.0,1.0
22.0,104.27830304292458,80.45276570747559,16018.0,1.0
58.0,104.27830304292458,80.54809045366756,16019.0,0.0
154.0,62.605186774811344,58.87725277317944,16020.0,1.0
114.0,76.49622553084909,76.24293479684576,16022.0,2.0
106.0,48.71414801877361,48.582870943477815,16023.0,1.0
11.0,90.38726428688683,85.23558123380279,16024.0,1.0
263.0,48.71414801877361,59.06928378362412,16025.0,1.0
239.0,48.71414801877361,54.38697369621672,16026.0,1.0
87.0,132.06038055500005,107.43588571107452,16027.0,1.0
49.0,76.49622553084909,73.27405248428737,,
70.0,48.71414801877361,92.573859793008,16030.0,2.0
41.0,76.49622553084909,107.14334926171006,16031.0,1.0
6.0,118.16934179896232,94.71175899202339,16033.0,0.0
61.0,48.71414801877361,58.43862078889034,16034.0,2.0
248.0,48.71414801877361,53.71521053917553,16036.0,1.0
65.0,48.71414801877361,51.738948953268235,16037.0,2.0
28.0,118.16934179896232,78.83466267881855,16038.0,1.0
84.0,48.71414801877361,76.61318163712758,16040.0,1.0
218.0,62.605186774811344,59.72895865763372,16042.0,1.0
44.0,76.49622553084909,94.18954516505873,16043.0,1.0
142.0,62.605186774811344,51.47369748560365,16045.0,1.0
182.0,48.71414801877361,52.350961454181856,16048.0,2.0
170.0,48.71414801877361,52.68425268633854,16049.0,1.0
9.0,145.9514193110378,105.60399276251593,16050.0,2.0
211.0,48.71414801877361,69.15989169936466,16052.0,1.0
189.0,48.71414801877361,56.01578348984461,16053.0,1.0
7.0,62.605186774811344,60.566158602450095,16054.0,1.0
58.0,76.49622553084909,68.30749505588003,16055.0,2.0
56.0,62.605186774811344,77.94392890914798,16056.0,1.0
72.0,90.38726428688683,59.813922018370036,16057.0,1.0
51.0,48.71414801877361,58.62581648612238,16059.0,1.0
316.0,48.71414801877361,56.59567569584572,16062.0,1.0
366.0,48.71414801877361,57.989282039630396,16063.0,2.0
28.0,90.38726428688683,223.37702592365588,16065.0,2.0
38.0,48.71414801877361,70.6612564518881,16066.0,1.0
17.0,104.27830304292458,112.934672972387,16070.0,1.0
51.0,118.16934179896232,130.57389557208242,16071.0,1.0
21.0,62.605186774811344,69.34328822192964,16072.0,2.0
262.0,48.71414801877361,65.87084257622676,16076.0,0.0
59.0,76.49622553084909,71.45183016215404,16078.0,2.0
18.0,76.49622553084909,69.94148554223574,16079.0,1.0
65.0,62.605186774811344,65.91746881077717,16080.0,1.0
87.0,48.71414801877361,69.42307088993813,16081.0,1.0
249.0,48.71414801877361,65.07612431177854,16083.0,1.0
2.0,118.16934179896232,128.22531486880217,16084.0,2.0
246.0,48.71414801877361,54.04677487375628,16085.0,1.0
8.0,187.62453557915103,168.21024672166357,16086.0,1.0
203.0,62.605186774811344,67.23785469734193,16091.0,2.0
133.0,48.71414801877361,60.46668930207587,16092.0,1.0
4.0,62.605186774811344,56.67304070724789,16093.0,1.0
42.0,104.27830304292458,118.90283099484034,16094.0,1.0
268.0,48.71414801877361,89.66092896191012,16096.0,2.0
49.0,104.27830304292458,101.46841844765156,16097.0,2.0
8.0,159.84245806707554,152.3017208725766,16098.0,1.0
15.0,76.49622553084909,62.39977844858463,16099.0,1.0
281.0,48.71414801877361,60.021840486513376,16101.0,1.0
64.0,48.71414801877361,53.97424517556673,16102.0,1.0
1.0,298.752845627453,239.05311135902116,16103.0,1.0
251.0,48.71414801877361,49.287445154461885,16104.0,1.0
364.0,48.71414801877361,56.77181924859174,16105.0,2.0
16.0,76.49622553084909,72.80917165684396,16106.0,1.0
10.0,354.317000651604,113.24551453605645,16107.0,1.0
7.0,90.38726428688683,107.76606852759451,16108.0,1.0
50.0,118.16934179896232,105.7904977007176,16109.0,2.0
58.0,48.71414801877361,50.523903818835905,16110.0,1.0
94.0,104.27830304292458,86.56805540339914,16112.0,1.0
15.0,118.16934179896232,96.98159316584072,16113.0,2.0
125.0,76.49622553084909,67.05894810847441,16114.0,2.0
93.0,90.38726428688683,83.83195888407765,16115.0,1.0
49.0,48.71414801877361,59.46059877433243,16116.0,2.0
137.0,48.71414801877361,54.83078637323366,16117.0,2.0
60.0,48.71414801877361,55.450051843966214,16119.0,1.0
99.0,145.9514193110378,119.93413422719252,16120.0,1.0
72.0,48.71414801877361,53.65787753965428,16121.0,1.0
71.0,48.71414801877361,51.54104649106536,16122.0,1.0
66.0,48.71414801877361,59.69407532659971,16123.0,1.0
63.0,118.16934179896232,81.17391813518871,16124.0,2.0
16.0,62.605186774811344,66.28046268124004,16125.0,2.0
22.0,201.51557433518877,175.84071635071808,16126.0,0.0
31.000000000000007,243.18869060330204,245.65504079184498,16127.0,1.0
44.0,90.38726428688683,81.42224600660907,16128.0,1.0
15.0,62.605186774811344,53.365686469805006,16131.0,1.0
38.99999999999999,48.71414801877361,54.379720726397764,,
2.0,187.62453557915103,146.89584070084976,16134.0,1.0
236.0,48.71414801877361,58.375416337610886,16135.0,2.0
74.0,48.71414801877361,61.83442672017295,16136.0,1.0
3.0,62.605186774811344,85.31812693793279,16139.0,1.0
2.0,90.38726428688683,109.84179941387603,16140.0,1.0
360.0,48.71414801877361,60.61140331893975,16141.0,1.0
58.0,90.38726428688683,68.47327722317038,16142.0,2.0
22.0,48.71414801877361,62.00811807836112,16143.0,1.0
30.0,90.38726428688683,69.87828109095628,16144.0,2.0
54.0,90.38726428688683,66.54467801035908,16145.0,0.0
24.0,48.71414801877361,61.61680308765281,16146.0,2.0
44.0,62.605186774811344,70.93790544355389,16147.0,1.0
88.0,104.27830304292458,74.90700683209752,16149.0,1.0
1.0,243.18869060330204,131.13893645893043,16150.0,1.0
88.0,48.71414801877361,66.8886760074866,16152.0,2.0
18.0,62.605186774811344,71.8386552191649,16153.0,1.0
78.0,48.71414801877361,53.487260059151275,16156.0,0.0
170.0,76.49622553084909,83.2917853223232,16157.0,1.0
80.0,48.71414801877361,56.36599831824552,16159.0,2.0
266.0,48.71414801877361,79.59553375077832,16160.0,1.0
234.0,62.605186774811344,58.503897517260924,16161.0,0.0
29.0,104.27830304292458,95.72648400764655,16162.0,2.0
36.0,76.49622553084909,75.32146225032344,16163.0,2.0
317.0,48.71414801877361,77.2397000776791,16164.0,1.0
56.0,90.38726428688683,90.88150016858546,16168.0,0.0
44.0,104.27830304292458,85.86037277677836,16169.0,1.0
202.0,76.49622553084909,54.25400258286924,16170.0,1.0
224.0,48.71414801877361,58.84824089390363,16171.0,1.0
86.0,62.605186774811344,82.8997795725845,16172.0,1.0
189.0,62.605186774811344,66.71633162940765,16173.0,1.0
43.0,90.38726428688683,75.48379062246192,16174.0,1.0
70.0,76.49622553084909,66.53155358878193,16175.0,1.0
40.0,104.27830304292458,77.95083649945175,16177.0,1.0
77.0,48.71414801877361,62.92302841409486,16178.0,1.0
56.0,62.605186774811344,62.301345286755975,16179.0,1.0
23.0,62.605186774811344,155.59595068844234,16180.0,1.0
9.0,215.40661309122657,137.36992829244204,16181.0,1.0
7.0,132.06038055500005,171.65989731936406,16182.0,1.0
33.0,62.605186774811344,62.12520173400995,16183.0,1.0
211.0,62.605186774811344,100.58839144295185,16184.0,1.0
23.0,76.49622553084909,94.56186428243169,16185.0,1.0
169.0,48.71414801877361,50.92039950227204,16186.0,0.0
61.0,48.71414801877361,53.27796007294718,16187.0,0.0
52.0,104.27830304292458,97.24649925399012,16188.0,1.0
260.0,62.605186774811344,61.44618560714981,16189.0,1.0
66.0,62.605186774811344,122.89230977478007,16190.0,1.0
16.0,145.9514193110378,132.43790881555353,16191.0,0.0
266.0,48.71414801877361,53.86545062828243,16193.0,2.0
176.0,48.71414801877361,49.61728259146669,16198.0,1.0
44.0,104.27830304292458,171.9182411967249,16200.0,1.0
50.0,48.71414801877361,70.53001223611655,16201.0,1.0
16.0,90.38726428688683,73.78970410046347,16202.0,2.0
8.0,159.84245806707554,228.45514093546905,16203.0,1.0
73.0,132.06038055500005,77.76364080221971,16204.0,1.0
70.0,62.605186774811344,71.05498909920271,16205.0,1.0
352.0,48.71414801877361,80.935951649224,16206.0,1.0
2.0,104.27830304292458,92.41843901117328,16207.0,1.0
116.0,48.71414801877361,62.215000407958904,16208.0,1.0
372.0,48.71414801877361,60.358585513821936,16209.0,1.0
196.0,48.71414801877361,65.92334026253538,16210.0,0.0
176.0,48.71414801877361,54.10894318649016,16211.0,1.0
99.0,48.71414801877361,67.55733074889109,16212.0,1.0
20.0,76.49622553084909,98.08611685541281,16213.0,1.0
71.0,48.71414801877361,52.19208687719525,16214.0,2.0
339.0,48.71414801877361,52.75160169180025,16215.0,1.0
5.0,104.27830304292458,101.39865178558352,16216.0,2.0
30.0,62.605186774811344,75.49242511034163,16217.0,2.0
169.0,48.71414801877361,52.320568056845296,16218.0,1.0
121.0,48.71414801877361,58.43482161422327,16221.0,1.0
21.0,173.73349682311328,125.67123335398492,16222.0,2.0
9.0,90.38726428688683,91.77983228759017,16224.0,1.0
268.0,48.71414801877361,58.16162641770934,16225.0,1.0
22.0,76.49622553084909,68.65632836622018,16226.0,2.0
126.0,48.71414801877361,56.050666820878625,16227.0,2.0
25.0,76.49622553084909,188.70092259875338,16229.0,1.0
138.0,48.71414801877361,60.47152461528851,16230.0,2.0
213.0,118.16934179896232,68.20629885792985,16232.0,1.0
105.0,62.605186774811344,72.39920617231547,16233.0,1.0
17.0,62.605186774811344,68.63353331821774,16235.0,1.0
2.0,62.605186774811344,56.183637934226105,16236.0,1.0
330.0,48.71414801877361,55.81408185297467,16239.0,1.0
63.0,145.9514193110378,148.76607077559427,16240.0,1.0
119.0,76.49622553084909,91.22100823201554,16241.0,0.0
34.0,48.71414801877361,58.52116649302033,16242.0,0.0
217.0,48.71414801877361,61.962873361871466,16243.0,1.0
171.0,62.605186774811344,83.09111982399881,16244.0,2.0
71.0,104.27830304292458,60.90083135266754,16245.0,1.0
0.0,62.605186774811344,59.281001426434536,16247.0,2.0
127.0,76.49622553084909,62.80145482474859,16248.0,1.0
46.0,76.49622553084909,68.51955807820562,16249.0,1.0
5.0,229.2976518472643,155.44191142466838,16250.0,2.0
13.0,118.16934179896232,167.80995186356037,16253.0,1.0
17.0,76.49622553084909,52.81066158889745,16255.0,0.0
27.0,132.06038055500005,101.29469255151186,16256.0,2.0
36.0,48.71414801877361,53.2126833445766,16257.0,2.0
156.0,48.71414801877361,55.41447775390183,16258.0,1.0
283.0,48.71414801877361,51.793173537152796,16260.0,1.0
106.0,48.71414801877361,66.47871052295812,16261.0,1.0
24.0,90.38726428688683,85.0849957651807,16265.0,0.0
74.0,90.38726428688683,57.721958294874675,16266.0,1.0
15.0,62.605186774811344,60.79134604635285,16268.0,1.0
157.0,48.71414801877361,51.487512666211174,16270.0,2.0
43.0,48.71414801877361,67.8692084511061,16271.0,1.0
10.0,62.605186774811344,77.0397253383851,16272.0,1.0
31.000000000000007,132.06038055500005,97.02062105105699,16274.0,2.0
290.0,48.71414801877361,49.843506173915,16275.0,2.0
20.0,90.38726428688683,86.07554421474066,16276.0,2.0
332.0,48.71414801877361,53.31111650640526,16278.0,1.0
17.0,62.605186774811344,65.07267051662666,16279.0,1.0
17.0,257.0797293593398,143.37400578447495,16281.0,1.0
62.0,62.605186774811344,61.66584697880955,16282.0,2.0
197.0,76.49622553084909,55.309827760799784,16283.0,1.0
32.0,76.49622553084909,70.75209126438261,16284.0,1.0
0.0,90.38726428688683,118.02142247207986,16287.0,2.0
6.0,145.9514193110378,81.18531565918992,16292.0,1.0
4.0,118.16934179896232,165.86201139789853,16293.0,0.0
9.0,90.38726428688683,78.96452537652934,16295.0,1.0
31.000000000000007,104.27830304292458,72.88826356582207,16297.0,2.0
52.0,48.71414801877361,51.772796145756686,16298.0,1.0
11.0,62.605186774811344,72.41543900952932,16302.0,1.0
17.0,145.9514193110378,72.53010500857184,16303.0,1.0
18.0,48.71414801877361,59.29999729976989,16305.0,1.0
36.0,62.605186774811344,74.8983723442178,16306.0,2.0
1.0,62.605186774811344,64.69102615234362,16309.0,1.0
17.0,76.49622553084909,97.662681569792,16311.0,1.0
81.0,90.38726428688683,93.60516302536017,16313.0,1.0
32.0,62.605186774811344,60.70327426997984,16315.0,2.0
65.0,62.605186774811344,64.33321297460857,16316.0,0.0
8.0,62.605186774811344,77.3871771306645,16317.0,1.0
246.0,76.49622553084909,60.53127527141608,16318.0,1.0
3.0,90.38726428688683,119.06377784891806,16319.0,2.0
60.0,48.71414801877361,52.927399865031084,16320.0,2.0
74.0,62.605186774811344,68.3814062721303,16321.0,1.0
89.0,62.605186774811344,68.18315843041223,16322.0,1.0
59.0,76.49622553084909,67.1950276374586,16324.0,1.0
28.0,62.605186774811344,58.95116398942973,16325.0,1.0
322.0,48.71414801877361,51.25472687297428,16326.0,0.0
52.0,90.38726428688683,85.83239703604812,16327.0,0.0
269.0,48.71414801877361,55.63517526410714,16330.0,1.0
1.0,215.40661309122657,152.68336523685966,16332.0,1.0
56.0,104.27830304292458,75.1577523601242,16337.0,1.0
60.0,104.27830304292458,93.60585378439055,16338.0,2.0
153.0,62.605186774811344,101.60553411518131,16339.0,2.0
18.0,62.605186774811344,61.62612833456289,16340.0,1.0
94.0,48.71414801877361,58.4928453727749,16341.0,1.0
0.0,201.51557433518877,140.66243121073182,16342.0,1.0
264.0,62.605186774811344,56.540414973415594,16343.0,1.0
311.0,48.71414801877361,54.12621216224958,16344.0,2.0
69.0,48.71414801877361,63.29776518807414,16345.0,1.0
301.0,62.605186774811344,50.58089143884196,16347.0,1.0
18.0,48.71414801877361,53.6278295218329,16348.0,1.0
12.0,173.73349682311328,115.75676899099037,16349.0,2.0
34.99999999999999,104.27830304292458,115.28394443469762,16350.0,1.0
18.0,62.605186774811344,55.40929706117401,16351.0,2.0
53.0,48.71414801877361,53.23962294676128,16352.0,1.0
56.0,48.71414801877361,57.051576655894245,16353.0,0.0
21.0,62.605186774811344,52.35614214690968,16354.0,1.0
43.0,48.71414801877361,54.96030369142926,16356.0,2.0
26.0,76.49622553084909,80.88967079418876,16357.0,1.0
44.0,76.49622553084909,71.31816828977618,16358.0,1.0
112.0,118.16934179896232,76.86634482176058,16359.0,1.0
24.0,48.71414801877361,57.84871257694877,16360.0,0.0
190.0,48.71414801877361,51.55175325603619,16361.0,1.0
301.0,48.71414801877361,58.45036369240674,16362.0,1.0
1.0,173.73349682311328,112.4604668980335,16363.0,1.0
262.0,62.605186774811344,53.73109799687419,16364.0,1.0
105.0,48.71414801877361,57.82349987234002,16365.0,1.0
56.0,48.71414801877361,54.905042968999126,16366.0,1.0
212.0,76.49622553084909,67.58599724865172,16367.0,1.0
63.0,48.71414801877361,52.94846801545757,16368.0,1.0
27.0,48.71414801877361,54.35968871451685,16369.0,1.0
28.0,132.06038055500005,99.01691464884522,16370.0,1.0
5.0,104.27830304292458,75.56909936271343,16372.0,1.0
7.0,104.27830304292458,170.83582179612483,16374.0,1.0
66.0,62.605186774811344,61.16159288663467,16376.0,1.0
1.0,76.49622553084909,68.5730919030598,16378.0,2.0
45.0,90.38726428688683,68.84525096102816,16379.0,1.0
33.0,48.71414801877361,55.957068972262604,16380.0,1.0
205.0,48.71414801877361,48.09588582706235,16383.0,1.0
135.0,48.71414801877361,53.70864832838696,16384.0,1.0
197.0,48.71414801877361,54.51959943004902,16385.0,1.0
197.0,62.605186774811344,72.43788867801656,16386.0,1.0
149.0,48.71414801877361,58.76880360541033,16387.0,2.0
87.0,48.71414801877361,57.216322684639046,16389.0,1.0
44.0,62.605186774811344,48.23403763313766,16392.0,2.0
63.0,132.06038055500005,111.58631134509199,16393.0,0.0
98.0,104.27830304292458,98.04363517504466,16394.0,1.0
217.0,48.71414801877361,53.57567721503947,16395.0,1.0
2.0,284.8618068714153,167.81824097192492,16398.0,2.0
27.0,76.49622553084909,75.86923416141204,16399.0,1.0
177.0,48.71414801877361,53.22546238663856,16400.0,1.0
73.0,76.49622553084909,52.69288717421825,16401.0,0.0
20.0,90.38726428688683,93.32609637708805,16402.0,2.0
19.0,76.49622553084909,91.40026020039825,16403.0,2.0
33.0,132.06038055500005,99.35780423033603,16404.0,1.0
73.0,48.71414801877361,48.42745016164309,16405.0,2.0
23.0,90.38726428688683,70.46024557404851,16406.0,1.0
51.0,90.38726428688683,73.03815827541378,16407.0,0.0
274.0,48.71414801877361,55.730500010299096,16409.0,1.0
164.0,76.49622553084909,58.91351762227421,16411.0,1.0
6.0,132.06038055500005,112.63350203514283,16412.0,1.0
87.0,90.38726428688683,65.35795399617217,16413.0,1.0
63.0,132.06038055500005,133.18772774302727,16414.0,1.0
24.0,76.49622553084909,58.38336006646021,16415.0,1.0
9.0,62.605186774811344,58.385777723066525,16416.0,1.0
75.0,48.71414801877361,69.19408427136831,16418.0,1.0
15.0,48.71414801877361,53.77530657481829,16419.0,1.0
191.0,48.71414801877361,52.808589311806315,,
173.0,62.605186774811344,61.959419566719575,16423.0,1.0
76.0,48.71414801877361,60.555451837479254,16424.0,2.0
32.0,76.49622553084909,61.87998227822628,16425.0,2.0
46.0,48.71414801877361,71.53472124579923,16426.0,0.0
79.0,90.38726428688683,83.13981833564036,16427.0,2.0
296.0,48.71414801877361,72.99878501068231,16429.0,1.0
2.0,76.49622553084909,70.2246967446901,16430.0,1.0
8.0,76.49622553084909,101.47014534522751,16431.0,2.0
49.0,118.16934179896232,150.42458320752834,16432.0,1.0
160.0,62.605186774811344,51.48302273251373,16433.0,1.0
359.0,62.605186774811344,60.61762015021315,16434.0,1.0
4.0,118.16934179896232,61.84060901349481,16438.0,1.0
106.0,90.38726428688683,97.45165468601196,16440.0,0.0
24.0,48.71414801877361,63.50361137912634,16441.0,1.0
19.0,62.605186774811344,51.114502789807844,16442.0,1.0
296.0,48.71414801877361,60.5571787350552,16444.0,1.0
371.0,48.71414801877361,56.564591539478776,16445.0,1.0
21.0,76.49622553084909,79.19938344685735,16446.0,2.0
4.0,90.38726428688683,78.20227278650881,16447.0,1.0
51.0,104.27830304292458,99.97637894203822,16448.0,2.0
29.0,48.71414801877361,51.50823543712247,16449.0,2.0
276.0,48.71414801877361,53.615050479770936,16450.0,2.0
60.0,62.605186774811344,62.650869356126506,16451.0,1.0
24.0,62.605186774811344,55.424148380327104,16454.0,1.0
185.0,76.49622553084909,84.14210968871672,16455.0,1.0
1.0,326.5349231395285,297.20742336739204,16456.0,1.0
1.0,395.9901169197172,258.6250777257102,16457.0,2.0
171.0,48.71414801877361,58.02416537066441,16458.0,0.0
80.0,48.71414801877361,55.872450991041475,16460.0,1.0
3.0,48.71414801877361,55.95223365904997,16461.0,2.0
189.0,48.71414801877361,63.719128196603826,16462.0,1.0
21.0,132.06038055500005,89.60946741414706,16463.0,1.0
18.0,76.49622553084909,83.11115183587972,16464.0,1.0
4.0,48.71414801877361,67.98042065499672,16466.0,1.0
109.0,48.71414801877361,66.95602501294832,16468.0,1.0
2.0,90.38726428688683,95.96237821652014,16469.0,1.0
53.0,48.71414801877361,52.12715552833986,16470.0,1.0
164.0,48.71414801877361,51.50823543712247,16471.0,2.0
290.0,62.605186774811344,68.88255194866849,16473.0,2.0
9.0,173.73349682311328,189.3747580328857,16474.0,1.0
108.0,104.27830304292458,125.81836502745512,16475.0,1.0
95.0,76.49622553084909,66.15854371237859,16477.0,1.0
242.0,62.605186774811344,60.14928552761785,16478.0,1.0
204.0,118.16934179896232,89.08690820766721,16479.0,1.0
41.0,76.49622553084909,76.907444984068,16480.0,1.0
34.0,62.605186774811344,57.86978072737526,16482.0,1.0
66.0,132.06038055500005,158.50162854972126,16483.0,2.0
23.0,62.605186774811344,56.17603958489197,16484.0,2.0
0.0,312.64388438349073,299.80398656257745,16485.0,1.0
26.0,62.605186774811344,77.05630355511413,16488.0,1.0
5.0,62.605186774811344,65.6487635479607,16491.0,1.0
53.0,48.71414801877361,62.857406306209086,16493.0,1.0
363.0,48.71414801877361,49.22873063687988,16494.0,2.0
14.0,104.27830304292458,61.23688562094571,16495.0,1.0
193.0,62.605186774811344,68.48363860862604,16496.0,1.0
2.0,48.71414801877361,52.28533934629609,16497.0,1.0
14.0,173.73349682311328,140.5422391394463,16498.0,2.0
26.0,76.49622553084909,92.29652004231181,16499.0,2.0
126.0,76.49622553084909,82.86524162106568,16500.0,1.0
84.0,62.605186774811344,70.91545577506666,16503.0,1.0
70.0,48.71414801877361,62.67573668122005,16504.0,1.0
182.0,48.71414801877361,51.65122255641042,16506.0,1.0
112.0,48.71414801877361,49.726077138750995,16509.0,2.0
373.0,48.71414801877361,56.05861054972796,16510.0,2.0
79.0,62.605186774811344,71.89184366450391,16511.0,1.0
248.0,48.71414801877361,64.01960837481762,16513.0,1.0
231.0,48.71414801877361,55.77194555212169,16515.0,1.0
70.0,76.49622553084909,63.856934623163944,16516.0,1.0
68.0,48.71414801877361,55.369578416927354,16517.0,2.0
3.0,257.0797293593398,180.15796029057148,16518.0,1.0
50.0,62.605186774811344,56.990444481705914,16519.0,1.0
74.0,48.71414801877361,54.25020340820216,16520.0,2.0
60.0,48.71414801877361,60.43491438667856,16523.0,0.0
15.0,62.605186774811344,56.63539434009237,16525.0,0.0
3.0,48.71414801877361,49.52368474285066,16526.0,2.0
285.0,48.71414801877361,53.00545563546363,16527.0,1.0
3.0,118.16934179896232,72.54530170724011,16528.0,1.0
40.0,48.71414801877361,55.965703460142315,16529.0,2.0
34.99999999999999,48.71414801877361,65.75375892057794,16531.0,1.0
74.0,62.605186774811344,64.52109943087099,16533.0,1.0
17.0,215.40661309122657,155.0727007229321,16535.0,1.0
14.0,132.06038055500005,234.6284543899442,16536.0,1.0
218.0,48.71414801877361,50.608867179572215,16539.0,1.0
185.0,48.71414801877361,52.46804510983068,16542.0,1.0
32.0,90.38726428688683,89.01506926850804,16545.0,2.0
69.0,48.71414801877361,69.36055719768906,16546.0,2.0
182.0,48.71414801877361,65.47849144697288,16549.0,0.0
14.0,62.605186774811344,65.27920746670925,16550.0,1.0
235.0,48.71414801877361,51.16803661466202,16551.0,1.0
30.0,104.27830304292458,118.88936119374799,16552.0,2.0
263.0,48.71414801877361,55.80855578073165,16553.0,2.0
3.0,62.605186774811344,54.17663757146706,16554.0,1.0
51.0,90.38726428688683,73.4557221092764,16555.0,1.0
245.0,48.71414801877361,52.46666359176994,16556.0,0.0
80.0,62.605186774811344,66.8738246883335,16557.0,1.0
274.0,48.71414801877361,59.49962665954871,16558.0,0.0
0.0,270.9707681153775,169.31856958590276,16560.0,1.0
78.0,48.71414801877361,58.49802606550272,16561.0,1.0
29.0,104.27830304292458,123.56649058842757,16563.0,1.0
73.0,62.605186774811344,61.045890749046606,16565.0,2.0
16.0,118.16934179896232,144.09066827849063,16566.0,1.0
222.0,62.605186774811344,55.5215454036102,16567.0,2.0
31.000000000000007,90.38726428688683,84.83079644200212,16569.0,1.0
22.0,173.73349682311328,100.44505894414871,16570.0,0.0
30.0,76.49622553084909,91.42754518209813,16571.0,1.0
105.0,48.71414801877361,52.8441634018707,16572.0,1.0
4.0,62.605186774811344,68.15311041259086,16573.0,1.0
245.0,48.71414801877361,63.424174090633045,16574.0,1.0
177.0,62.605186774811344,76.79277898502548,16581.0,2.0
169.0,62.605186774811344,54.012927681267826,16582.0,1.0
42.0,48.71414801877361,57.2263386905795,16583.0,2.0
71.0,48.71414801877361,63.447314518150655,16584.0,1.0
58.0,118.16934179896232,181.46591251458946,16586.0,2.0
15.0,62.605186774811344,89.87851805647873,16587.0,2.0
140.0,90.38726428688683,66.2963501389387,16589.0,1.0
17.0,118.16934179896232,162.82267166424174,16591.0,1.0
21.0,215.40661309122657,97.87819838726948,16592.0,0.0
9.0,90.38726428688683,77.47041359382487,16593.0,1.0
367.0,48.71414801877361,52.252182912838016,16594.0,1.0
188.0,48.71414801877361,48.70029997864183,16595.0,1.0
15.0,62.605186774811344,55.10950764199059,16596.0,1.0
361.0,48.71414801877361,50.86928333402417,16597.0,1.0
18.0,48.71414801877361,52.10505123936781,16598.0,2.0
67.0,62.605186774811344,67.68684806708669,16600.0,1.0
14.0,118.16934179896232,57.89292115489287,16601.0,1.0
23.0,76.49622553084909,95.34276736627237,16602.0,1.0
16.0,187.62453557915103,185.07063851460944,16603.0,1.0
34.99999999999999,48.71414801877361,50.819203304321874,16607.0,0.0
1.0,270.9707681153775,221.28644371822125,16609.0,0.0
54.0,62.605186774811344,59.03440045259011,16610.0,2.0
33.0,90.38726428688683,102.98428913981289,16611.0,2.0
2.0,201.51557433518877,140.16059477516328,16612.0,1.0
365.0,48.71414801877361,52.47702497722558,16613.0,1.0
42.0,48.71414801877361,54.340347461666305,16614.0,2.0
77.0,104.27830304292458,82.09642682025658,16616.0,1.0
4.0,104.27830304292458,63.58339404713483,16617.0,2.0
3.0,201.51557433518877,159.24384912786087,16618.0,1.0
60.0,62.605186774811344,58.7135428829802,16619.0,2.0
46.0,132.06038055500005,149.4485406976063,16620.0,1.0
0.0,90.38726428688683,88.79126334266604,16621.0,1.0
75.0,62.605186774811344,60.17104443707471,16623.0,2.0
71.0,62.605186774811344,53.983915801992005,16624.0,1.0
255.0,62.605186774811344,53.46999108339186,16625.0,2.0
68.0,62.605186774811344,64.64336377924764,16626.0,0.0
134.0,90.38726428688683,70.71824407189416,16627.0,1.0
240.0,48.71414801877361,51.88987980140552,16628.0,1.0
8.0,215.40661309122657,219.69458953271854,16629.0,1.0
8.0,201.51557433518877,123.56890824503388,16633.0,1.0
0.0,312.64388438349073,341.2288056142587,16634.0,2.0
36.0,76.49622553084909,66.34746630718658,16637.0,1.0
45.0,48.71414801877361,70.67438087346524,16638.0,0.0
84.0,104.27830304292458,148.63344504176197,16639.0,1.0
18.0,173.73349682311328,131.94159845222796,16641.0,1.0
2.0,90.38726428688683,66.50219632999092,16642.0,1.0
8.0,187.62453557915103,170.10292646489532,16643.0,2.0
18.0,243.18869060330204,258.9649311686554,16644.0,2.0
218.0,76.49622553084909,88.11259259532109,16647.0,2.0
77.0,48.71414801877361,51.42879814862918,16648.0,1.0
266.0,48.71414801877361,53.75665608099812,16650.0,1.0
23.0,118.16934179896232,177.36038621754648,16652.0,0.0
368.0,48.71414801877361,68.1462028222871,16653.0,1.0
14.0,132.06038055500005,107.59510566757632,16654.0,1.0
25.0,48.71414801877361,52.8766290762984,16655.0,0.0
261.0,48.71414801877361,58.09704044836914,16656.0,0.0
16.0,215.40661309122657,160.9793811916819,16657.0,1.0
90.0,62.605186774811344,65.40941554393522,16658.0,2.0
301.0,132.06038055500005,74.50636659447912,16659.0,2.0
25.0,104.27830304292458,95.36728931185074,16660.0,1.0
363.0,48.71414801877361,57.418369701024176,16665.0,2.0
45.0,90.38726428688683,84.42186709601921,16666.0,1.0
37.0,326.5349231395285,281.05022426736946,16667.0,1.0
51.0,76.49622553084909,69.68106938778378,16668.0,1.0
31.000000000000007,48.71414801877361,68.36724571200759,16669.0,1.0
51.0,76.49622553084909,68.73611103422866,16670.0,0.0
78.0,104.27830304292458,119.45820125526308,16671.0,1.0
297.0,48.71414801877361,48.125243085853356,16672.0,0.0
176.0,48.71414801877361,57.37623340017121,16674.0,1.0
46.0,48.71414801877361,64.05241942876052,16676.0,1.0
28.0,132.06038055500005,120.44287825306485,16678.0,0.0
10.0,132.06038055500005,91.16540213007022,16679.0,2.0
86.0,270.9707681153775,204.05822274159988,16680.0,1.0
4.0,284.8618068714153,257.1934796352548,16681.0,1.0
37.0,62.605186774811344,70.99731072016628,16682.0,1.0
17.0,104.27830304292458,100.35180647504788,16684.0,0.0
44.0,104.27830304292458,69.5449898587996,16685.0,1.0
30.0,48.71414801877361,55.4566140547548,16686.0,0.0
372.0,48.71414801877361,55.16235070781439,16688.0,1.0
57.0,48.71414801877361,55.72946387175354,16689.0,1.0
113.0,76.49622553084909,94.62852252886303,16690.0,1.0
214.0,48.71414801877361,56.26411136126498,16692.0,2.0
318.0,48.71414801877361,51.68541512841406,16693.0,1.0
64.0,48.71414801877361,57.3264987499841,16696.0,1.0
7.0,76.49622553084909,74.27047238560553,16697.0,2.0
96.0,48.71414801877361,54.761710470196,16700.0,0.0
19.0,76.49622553084909,99.85031541899451,16701.0,0.0
198.0,48.71414801877361,68.3195833389116,16705.0,0.0
3.0,215.40661309122657,144.67608655673473,16706.0,1.0
293.0,48.71414801877361,49.17001611929788,16708.0,1.0
272.0,62.605186774811344,85.44868039467396,16709.0,1.0
30.0,173.73349682311328,193.99144601240732,16710.0,0.0
47.0,76.49622553084909,60.708800342222844,16711.0,1.0
259.0,48.71414801877361,61.133617145904424,16712.0,0.0
57.0,104.27830304292458,74.59340223230657,16713.0,0.0
32.0,104.27830304292458,123.44595313762686,16714.0,2.0
56.0,48.71414801877361,52.305716737692194,16715.0,1.0
67.0,90.38726428688683,68.37726171794804,16716.0,2.0
9.0,187.62453557915103,106.56034864007225,16717.0,0.0
59.0,48.71414801877361,61.40612158338797,16718.0,2.0
79.0,62.605186774811344,55.81339109394428,16719.0,1.0
73.0,62.605186774811344,56.48998956419811,16720.0,1.0
1.0,340.4259618955663,318.3201277513359,16721.0,2.0
99.0,62.605186774811344,62.680917373947885,16722.0,0.0
371.0,48.71414801877361,58.74566317789271,16723.0,1.0
9.0,215.40661309122657,126.73880143543185,16725.0,2.0
19.0,48.71414801877361,51.71200935108355,16726.0,1.0
122.0,62.605186774811344,68.63146104112661,16727.0,2.0
7.0,48.71414801877361,50.78639225037899,16728.0,1.0
3.0,118.16934179896232,100.39601505299198,16729.0,0.0
28.0,132.06038055500005,107.46247993374402,16730.0,1.0
281.0,62.605186774811344,51.8080248563059,16732.0,1.0
56.0,48.71414801877361,56.41745986600857,16734.0,1.0
0.0,173.73349682311328,87.74890796582784,16735.0,1.0
364.0,48.71414801877361,62.324831093788774,16738.0,2.0
88.0,48.71414801877361,58.55121451084172,16739.0,2.0
10.0,48.71414801877361,88.10015893277432,16742.0,1.0
162.0,90.38726428688683,101.61693163918252,16743.0,1.0
64.0,48.71414801877361,59.47268705736402,16744.0,1.0
22.0,76.49622553084909,64.8153627778114,16745.0,0.0
173.0,62.605186774811344,61.71109169529922,16746.0,0.0
102.0,90.38726428688683,75.67754853048255,16747.0,1.0
142.0,76.49622553084909,85.92495874611858,16748.0,1.0
98.0,62.605186774811344,57.017729463405786,16750.0,1.0
22.0,104.27830304292458,79.5872446424138,16751.0,1.0
191.0,48.71414801877361,58.68660328079552,16752.0,2.0
4.0,62.605186774811344,64.89272778921358,16753.0,1.0
360.0,48.71414801877361,64.55149282820756,16755.0,1.0
7.0,173.73349682311328,103.90645244536557,16756.0,2.0
13.0,326.5349231395285,248.59491122512753,16757.0,2.0
102.0,90.38726428688683,62.400123828099815,16758.0,1.0
2.0,159.84245806707554,100.32452149334802,16759.0,1.0
10.0,187.62453557915103,161.10924388939273,16761.0,1.0
95.0,48.71414801877361,64.70138753779926,16762.0,1.0
226.0,48.71414801877361,60.37343683297504,16763.0,2.0
15.0,62.605186774811344,63.9052877552903,16764.0,0.0
38.0,62.605186774811344,68.80069700356887,16765.0,2.0
50.0,48.71414801877361,59.797343801641,16766.0,2.0
92.0,62.605186774811344,52.43385253782704,16767.0,0.0
156.0,48.71414801877361,54.807300566200844,16768.0,1.0
38.0,48.71414801877361,59.25198954715872,16769.0,2.0
183.0,76.49622553084909,54.87395881263219,16770.0,1.0
0.0,90.38726428688683,86.2130052617856,16771.0,1.0
227.0,48.71414801877361,62.27578720263204,16773.0,1.0
127.0,62.605186774811344,54.24191429983764,16774.0,1.0
38.99999999999999,62.605186774811344,54.058863156787865,16775.0,0.0
30.0,187.62453557915103,155.59180613426008,16776.0,1.0
196.0,62.605186774811344,68.33339851951914,16777.0,1.0
36.0,118.16934179896232,106.45811630357653,16778.0,1.0
100.0,76.49622553084909,91.65825869824388,16779.0,0.0
42.0,257.0797293593398,297.99765169814276,16780.0,1.0
49.0,48.71414801877361,55.39789953717279,16781.0,2.0
42.0,48.71414801877361,54.67674710945968,16782.0,0.0
52.0,48.71414801877361,57.7153960840861,16784.0,1.0
186.0,48.71414801877361,52.29811838835805,16788.0,1.0
333.0,48.71414801877361,58.954272405066426,16789.0,1.0
3.0,76.49622553084909,59.12696216266056,16790.0,1.0
9.0,62.605186774811344,53.000620322250995,16791.0,1.0
23.0,62.605186774811344,59.3379890464406,16792.0,2.0
14.0,48.71414801877361,49.218369251424235,16793.0,1.0
368.0,48.71414801877361,60.971288773765934,16794.0,0.0
144.0,62.605186774811344,72.01445339239574,16795.0,2.0
59.0,62.605186774811344,51.891606698981455,16796.0,1.0
30.0,62.605186774811344,63.15374193024063,16800.0,1.0
140.0,76.49622553084909,55.170639816178905,16801.0,2.0
22.0,90.38726428688683,74.40482501701376,16803.0,1.0
21.0,118.16934179896232,145.1281883421162,16804.0,1.0
76.0,48.71414801877361,50.16125532788822,16805.0,2.0
4.0,118.16934179896232,270.52858271667395,16806.0,1.0
66.0,104.27830304292458,120.37103931390568,16807.0,1.0
11.0,118.16934179896232,77.48146573831089,16808.0,1.0
83.0,48.71414801877361,48.455080522858154,16809.0,1.0
30.0,132.06038055500005,99.7653520582582,16810.0,2.0
66.0,76.49622553084909,72.34912614261317,16811.0,1.0
186.0,62.605186774811344,57.553413091462794,16812.0,2.0
37.0,62.605186774811344,61.809524857127876,16813.0,0.0
14.0,76.49622553084909,64.28071528829996,16814.0,0.0
34.0,48.71414801877361,54.72648175964679,16816.0,1.0
194.0,76.49622553084909,102.31667053695395,16817.0,0.0
1.0,104.27830304292458,75.96110511245212,16818.0,0.0
0.0,104.27830304292458,66.14680080886218,16820.0,1.0
366.0,48.71414801877361,53.0358490328002,16823.0,2.0
64.0,48.71414801877361,55.56437246349355,16824.0,1.0
298.0,62.605186774811344,58.00413335878349,16825.0,1.0
25.0,76.49622553084909,65.33274129156342,16826.0,1.0
7.0,118.16934179896232,90.84903449415776,16828.0,1.0
16.0,76.49622553084909,75.73833532515569,16829.0,2.0
115.0,48.71414801877361,103.52031814738508,16830.0,1.0
28.0,48.71414801877361,60.886670792544805,16832.0,2.0
3.0,257.0797293593398,169.08405689508993,16833.0,1.0
4.0,132.06038055500005,143.5314988434008,16834.0,2.0
81.0,90.38726428688683,64.50521197317234,16835.0,1.0
28.0,104.27830304292458,81.89990587611446,16836.0,1.0
71.0,48.71414801877361,57.08680536644344,16837.0,0.0
3.0,145.9514193110378,100.15010483817792,16838.0,2.0
28.0,187.62453557915103,134.2293923608351,,
289.0,48.71414801877361,48.48927309486179,16841.0,1.0
34.99999999999999,48.71414801877361,53.46860956533111,16842.0,1.0
8.0,118.16934179896232,67.79806027097732,16843.0,0.0
23.0,62.605186774811344,67.42608653311954,16846.0,1.0
276.0,48.71414801877361,54.65464282048763,16847.0,1.0
49.0,118.16934179896232,82.73468816432451,16848.0,1.0
155.0,187.62453557915103,137.67178998871657,16849.0,2.0
60.0,48.71414801877361,53.85992455603942,16850.0,2.0
11.0,270.9707681153775,272.67511640356906,16851.0,1.0
20.0,76.49622553084909,77.24073621622468,16852.0,1.0
370.0,48.71414801877361,55.948089104867705,16855.0,1.0
275.0,62.605186774811344,52.82585828756573,16856.0,1.0
79.0,270.9707681153775,117.18456790677868,16858.0,2.0
3.0,132.06038055500005,90.39831422683707,16859.0,1.0
25.0,76.49622553084909,60.49259276571499,16861.0,1.0
4.0,326.5349231395285,205.06396788982812,16863.0,1.0
52.0,48.71414801877361,53.58880163661662,16866.0,1.0
0.0,62.605186774811344,66.92632237464213,16869.0,1.0
54.0,62.605186774811344,80.83890000545608,16871.0,1.0
25.0,48.71414801877361,56.8319152842345,16872.0,1.0
8.0,90.38726428688683,112.681509787754,16873.0,0.0
51.0,76.49622553084909,151.4797176264285,16875.0,1.0
12.0,159.84245806707554,114.32897007520205,16877.0,1.0
211.0,76.49622553084909,76.20390691162947,16878.0,1.0
21.0,298.752845627453,193.67473299697969,16880.0,1.0
235.0,48.71414801877361,60.957128213643216,16882.0,1.0
138.0,76.49622553084909,55.34885564601606,16883.0,2.0
3.0,118.16934179896232,90.97026270398885,16884.0,1.0
56.0,76.49622553084909,78.70687225819889,16885.0,1.0
134.0,76.49622553084909,89.88024495405466,16887.0,1.0
108.0,62.605186774811344,53.78463182172837,16889.0,2.0
29.0,48.71414801877361,48.71411515924935,16891.0,1.0
0.0,159.84245806707554,105.12702365204092,16892.0,1.0
184.0,90.38726428688683,64.5003766599597,16893.0,2.0
17.0,48.71414801877361,58.65897291958046,16895.0,1.0
238.0,62.605186774811344,62.38561788846191,16897.0,2.0
86.0,48.71414801877361,52.04875437839212,16898.0,1.0
38.0,76.49622553084909,65.50819408527907,16899.0,1.0
115.0,48.71414801877361,56.08347787482151,16900.0,1.0
186.0,48.71414801877361,51.813896308064095,16902.0,1.0
226.0,48.71414801877361,52.87421141969209,16903.0,1.0
44.0,62.605186774811344,52.003855041417644,16904.0,0.0
188.0,48.71414801877361,58.533254776051926,16905.0,0.0
3.0,62.605186774811344,63.172737803575984,16906.0,1.0
38.0,76.49622553084909,68.5406262286321,16907.0,1.0
37.0,48.71414801877361,60.33302742969801,16909.0,1.0
266.0,48.71414801877361,54.04677487375628,16910.0,1.0
77.0,48.71414801877361,59.88817861413551,16912.0,0.0
3.0,118.16934179896232,106.67156084396288,16913.0,2.0
254.0,62.605186774811344,77.20654364422103,16914.0,1.0
60.0,48.71414801877361,61.26037142797852,16915.0,1.0
12.0,132.06038055500005,107.64725797436974,16916.0,1.0
87.0,62.605186774811344,176.61298494667903,16917.0,2.0
16.0,173.73349682311328,196.84186315125618,16918.0,1.0
29.0,48.71414801877361,48.71411515924935,16919.0,0.0
2.0,132.06038055500005,104.12162388332786,16921.0,1.0
4.0,48.71414801877361,52.35165221321224,16923.0,0.0
6.0,76.49622553084909,51.813896308064095,16924.0,1.0
10.0,104.27830304292458,101.92708244382159,16926.0,2.0
29.0,118.16934179896232,94.11356167171732,16927.0,2.0
287.0,62.605186774811344,52.03666609536053,16928.0,0.0
149.0,76.49622553084909,51.63602585774214,16929.0,1.0
22.0,62.605186774811344,58.55812210114548,16930.0,1.0
0.0,187.62453557915103,175.52400333529044,16931.0,0.0
85.0,76.49622553084909,92.37872036692661,16932.0,1.0
45.0,62.605186774811344,72.28074099860589,16933.0,1.0
4.0,90.38726428688683,74.99680550604647,16934.0,1.0
50.0,118.16934179896232,76.77309235265975,16936.0,1.0
17.0,48.71414801877361,53.93487191083528,16938.0,1.0
29.0,48.71414801877361,57.35205683410803,16940.0,1.0
7.0,76.49622553084909,68.2463628816917,16942.0,0.0
28.0,76.49622553084909,109.90983917836812,16943.0,2.0
2.0,298.752845627453,230.78576190395947,16945.0,0.0
40.0,62.605186774811344,78.71723364365454,16947.0,2.0
10.0,90.38726428688683,91.94906825003241,16948.0,1.0
30.0,48.71414801877361,50.44792032549448,16949.0,1.0
44.0,76.49622553084909,51.30618842073733,16950.0,1.0
60.0,76.49622553084909,56.16222440428444,16951.0,1.0
369.0,48.71414801877361,49.140658860506875,16952.0,1.0
78.0,118.16934179896232,78.7445186253544,16953.0,1.0
63.0,48.71414801877361,52.58754642208583,16954.0,0.0
11.0,62.605186774811344,58.977067453068855,16955.0,2.0
85.0,76.49622553084909,73.72511813112325,16956.0,1.0
15.0,76.49622553084909,71.34061795826342,16957.0,2.0
245.0,62.605186774811344,62.2505744980233,16959.0,1.0
87.0,48.71414801877361,91.76636248649781,16960.0,1.0
29.0,48.71414801877361,51.87779151837393,16961.0,1.0
137.0,48.71414801877361,63.5284787042199,16963.0,2.0
26.0,76.49622553084909,82.68737117074372,16965.0,2.0
2.0,104.27830304292458,82.84382809112401,16966.0,1.0
31.000000000000007,90.38726428688683,103.29720298057346,16967.0,2.0
112.0,76.49622553084909,59.71928803120845,16968.0,1.0
156.0,48.71414801877361,58.229320802686246,16969.0,1.0
84.0,76.49622553084909,86.0185565947346,16971.0,1.0
117.0,76.49622553084909,77.80025103082967,16976.0,2.0
2.0,159.84245806707554,238.66386864540397,16978.0,1.0
95.0,118.16934179896232,153.5589023078619,16979.0,1.0
193.0,48.71414801877361,56.5314351060207,16980.0,2.0
27.0,48.71414801877361,61.368475216232454,16982.0,1.0
130.0,48.71414801877361,65.21220384076273,16983.0,1.0
27.0,104.27830304292458,93.43143712922047,16984.0,1.0
81.0,76.49622553084909,88.02831999361514,16985.0,0.0
29.0,104.27830304292458,151.06249917208106,16986.0,1.0
265.0,48.71414801877361,49.73643852420665,16987.0,1.0
73.0,159.84245806707554,156.3775445313134,16988.0,1.0
313.0,90.38726428688683,66.35368313845996,16989.0,1.0
20.0,132.06038055500005,95.86187277760035,16992.0,1.0
58.0,76.49622553084909,77.6759144053619,16996.0,1.0
11.0,326.5349231395285,205.21731639457175,16997.0,2.0
27.0,159.84245806707554,141.5832129982238,16998.0,2.0
113.0,48.71414801877361,58.776401954744465,16999.0,1.0
27.0,159.84245806707554,127.8830437692506,17001.0,0.0
17.0,90.38726428688683,97.45994379437649,17002.0,1.0
17.0,90.38726428688683,76.80452188854188,17004.0,1.0
34.99999999999999,76.49622553084909,69.76706888706565,17006.0,1.0
34.99999999999999,62.605186774811344,57.054339692015745,17007.0,1.0
77.0,48.71414801877361,52.09883440809442,17010.0,1.0
21.0,48.71414801877361,55.293594923585935,17011.0,1.0
24.0,62.605186774811344,58.01725778036065,17014.0,1.0
32.0,62.605186774811344,111.29170261863639,17015.0,1.0
108.0,76.49622553084909,91.74494895655614,17017.0,0.0
34.0,62.605186774811344,136.64255903345554,17018.0,1.0
122.0,104.27830304292458,99.94253174954977,17019.0,1.0
6.0,118.16934179896232,96.48010210978735,17022.0,1.0
27.0,90.38726428688683,116.76113262115786,17024.0,1.0
3.0,104.27830304292458,99.45520125361912,17025.0,1.0
2.0,159.84245806707554,175.424188655401,17026.0,2.0
49.0,90.38726428688683,105.74628912277349,17027.0,1.0
321.0,48.71414801877361,58.42618712634356,17030.0,1.0
22.0,76.49622553084909,92.79697495981962,17031.0,1.0
14.0,90.38726428688683,82.83381208518355,17033.0,1.0
1.0,145.9514193110378,80.9594374562568,17034.0,1.0
17.0,62.605186774811344,80.74944671102233,17035.0,2.0
29.0,76.49622553084909,85.94015544478687,17037.0,1.0
261.0,48.71414801877361,48.87644353138784,17038.0,1.0
158.0,62.605186774811344,70.64502361467424,17040.0,1.0
32.0,118.16934179896232,328.60725661121853,17041.0,1.0
28.0,118.16934179896232,78.07828154055623,17042.0,1.0
164.0,48.71414801877361,53.63577325068223,17043.0,1.0
46.0,48.71414801877361,55.21035846042556,17045.0,1.0
5.0,145.9514193110378,75.9238041248118,17046.0,2.0
7.0,76.49622553084909,75.80223053546551,17047.0,1.0
287.0,48.71414801877361,52.00903573414547,17048.0,1.0
317.0,48.71414801877361,53.418874915143995,17049.0,0.0
2.0,62.605186774811344,68.31060347151671,17050.0,1.0
232.0,48.71414801877361,58.61476434163636,17051.0,2.0
118.0,48.71414801877361,52.77301522174193,17052.0,1.0
161.0,48.71414801877361,57.10338358317248,17053.0,1.0
184.0,48.71414801877361,58.318774097120006,17054.0,1.0
49.0,48.71414801877361,56.41711448649338,17058.0,1.0
151.0,104.27830304292458,82.00559200776206,17059.0,1.0
334.0,48.71414801877361,53.42129257175031,17060.0,2.0
4.0,104.27830304292458,130.25027496635101,17061.0,0.0
15.0,76.49622553084909,49.11475539686775,17062.0,2.0
106.0,62.605186774811344,62.674355163159305,17063.0,1.0
15.0,132.06038055500005,75.82537096298313,17064.0,1.0
275.0,48.71414801877361,61.137416320571496,17068.0,0.0
15.0,201.51557433518877,365.5055317368424,17069.0,0.0
246.0,48.71414801877361,53.249638952701744,17070.0,1.0
238.0,48.71414801877361,67.99319969705869,17071.0,0.0
0.0,62.605186774811344,79.02911134586954,17073.0,1.0
105.0,76.49622553084909,73.891591057444,17075.0,1.0
22.0,90.38726428688683,104.49532451876158,17076.0,1.0
51.0,48.71414801877361,52.30882515332888,17078.0,1.0
194.0,76.49622553084909,62.1148403485543,17079.0,1.0
23.0,48.71414801877361,55.37924904335262,17080.0,1.0
74.0,48.71414801877361,58.32602706693896,17081.0,1.0
17.0,62.605186774811344,51.88124531352581,17082.0,1.0
7.0,62.605186774811344,59.01333230216362,17083.0,1.0
31.000000000000007,76.49622553084909,88.64585856677178,17084.0,1.0
21.0,76.49622553084909,101.0460193005763,17085.0,1.0
30.0,118.16934179896232,165.54460762344047,17086.0,1.0
28.0,173.73349682311328,107.24420008014503,17088.0,1.0
21.0,62.605186774811344,58.118799357826,17090.0,1.0
32.0,132.06038055500005,133.21294044763602,17091.0,0.0
283.0,48.71414801877361,53.47620791466525,17092.0,1.0
38.0,62.605186774811344,55.12228668405255,17094.0,2.0
57.0,62.605186774811344,76.33964106109846,17095.0,1.0
288.0,48.71414801877361,55.76365644375717,17096.0,1.0
78.0,48.71414801877361,55.74189753430031,17097.0,1.0
4.0,145.9514193110378,170.9991863068089,17100.0,1.0
217.0,48.71414801877361,50.0645490636355,17101.0,1.0
43.0,90.38726428688683,90.32302149252602,17102.0,2.0
201.0,48.71414801877361,55.75053202218002,17105.0,2.0
177.0,76.49622553084909,72.57949427924375,17107.0,0.0
55.0,90.38726428688683,73.88088429247316,17109.0,1.0
56.0,48.71414801877361,50.910728875846765,17110.0,2.0
7.0,118.16934179896232,135.99186402684083,17111.0,1.0
226.0,48.71414801877361,53.31975099428496,17114.0,1.0
10.0,132.06038055500005,115.8942300380353,17115.0,1.0
105.0,62.605186774811344,61.27211433149492,17117.0,2.0
58.0,62.605186774811344,62.63083734424558,17118.0,2.0
27.0,132.06038055500005,117.38972333880052,17119.0,1.0
34.99999999999999,132.06038055500005,85.60271965844792,17120.0,2.0
273.0,62.605186774811344,54.061280813394184,17122.0,1.0
29.0,48.71414801877361,82.98301603574488,17123.0,2.0
23.0,76.49622553084909,69.78986393506808,17124.0,2.0
53.0,48.71414801877361,53.37432095768471,17125.0,1.0
34.99999999999999,118.16934179896232,82.77578832663191,17126.0,2.0
174.0,90.38726428688683,94.69656229335511,17128.0,2.0
53.0,48.71414801877361,48.70375377379371,17131.0,1.0
52.0,48.71414801877361,55.04975698586301,17133.0,1.0
26.0,145.9514193110378,125.83218020806264,17134.0,1.0
252.0,48.71414801877361,48.13215067615712,17135.0,1.0
38.99999999999999,132.06038055500005,143.02171867898292,17138.0,2.0
59.0,118.16934179896232,84.92094049546627,17139.0,0.0
233.0,48.71414801877361,51.91578326504464,17140.0,2.0
3.0,173.73349682311328,113.51007524469065,17142.0,2.0
31.000000000000007,48.71414801877361,51.94099596965338,17144.0,1.0
23.0,229.2976518472643,157.20921840388675,17146.0,1.0
6.0,62.605186774811344,56.93449300024541,17147.0,1.0
64.0,48.71414801877361,60.2273412980504,17148.0,1.0
309.0,62.605186774811344,62.736178096378005,17152.0,2.0
308.0,48.71414801877361,53.85647076088753,17153.0,1.0
18.0,118.16934179896232,63.515699662157935,17154.0,1.0
15.0,145.9514193110378,111.85121743324139,17155.0,1.0
95.0,62.605186774811344,59.005043193799104,17157.0,1.0
263.0,118.16934179896232,127.81465862524331,17158.0,1.0
11.0,173.73349682311328,156.01385990182015,17159.0,1.0
2.0,62.605186774811344,62.55416309187378,17160.0,0.0
34.0,48.71414801877361,53.67100196123143,17162.0,0.0
182.0,48.71414801877361,53.17261932081476,17163.0,1.0
24.0,62.605186774811344,65.28404277992189,17164.0,1.0
12.0,118.16934179896232,76.8186824486646,17165.0,2.0
10.0,62.605186774811344,58.86447373111748,17166.0,1.0
2.0,270.9707681153775,176.38537984616997,17169.0,1.0
312.0,48.71414801877361,61.206492223609146,17171.0,2.0
107.0,62.605186774811344,79.59933292544538,17172.0,1.0
0.0,395.9901169197172,310.3698366912171,17173.0,0.0
52.0,48.71414801877361,66.38822108997879,17174.0,2.0
204.0,48.71414801877361,53.917257555560674,17175.0,1.0
14.0,48.71414801877361,57.741990306755596,17176.0,2.0
119.0,48.71414801877361,57.59209559716388,17179.0,2.0
3.0,62.605186774811344,61.27625888567718,17180.0,1.0
362.0,48.71414801877361,57.779636673911114,17181.0,1.0
116.0,62.605186774811344,60.21732529210994,17183.0,1.0
17.0,48.71414801877361,54.152461005403886,17187.0,2.0
4.0,62.605186774811344,56.597057213906474,17188.0,1.0
40.0,62.605186774811344,57.88152363089166,17189.0,1.0
106.0,62.605186774811344,53.18677988093748,17190.0,1.0
147.0,62.605186774811344,68.39971138643529,17191.0,1.0
51.0,76.49622553084909,61.8026172668241,17193.0,1.0
207.0,48.71414801877361,50.18681341201215,17194.0,2.0
138.0,62.605186774811344,67.43713867760557,17197.0,1.0
1.0,76.49622553084909,58.72459502746623,17198.0,1.0
126.0,62.605186774811344,56.63435820154681,17201.0,1.0
149.0,48.71414801877361,49.2045540708167,17203.0,1.0
45.0,76.49622553084909,116.11043761454316,17204.0,2.0
34.0,48.71414801877361,50.94595758639597,17205.0,1.0
227.0,62.605186774811344,84.7907324182403,17206.0,1.0
240.0,48.71414801877361,56.49344335934999,17211.0,0.0
57.0,48.71414801877361,51.84083591024878,17212.0,2.0
173.0,62.605186774811344,62.83841043287373,17213.0,0.0
59.0,118.16934179896232,103.53896864120526,17214.0,1.0
21.0,48.71414801877361,53.31180726543563,17217.0,2.0
25.0,132.06038055500005,82.67562826722731,17218.0,0.0
8.0,118.16934179896232,80.68416998265174,17219.0,1.0
31.000000000000007,76.49622553084909,80.61371256155333,17220.0,0.0
3.0,62.605186774811344,65.73856222190966,17221.0,1.0
7.0,159.84245806707554,101.59482735021047,17222.0,1.0
28.0,76.49622553084909,66.19964387468599,17223.0,2.0
16.0,48.71414801877361,52.5471370188088,17226.0,2.0
100.0,62.605186774811344,57.893611913923245,17227.0,1.0
11.0,90.38726428688683,66.81027485753886,17228.0,1.0
20.0,48.71414801877361,54.82146112632356,17229.0,1.0
14.0,104.27830304292458,87.21805965098346,17230.0,2.0
360.0,48.71414801877361,56.6315951654253,17231.0,0.0
10.0,76.49622553084909,51.79213739860724,17232.0,1.0
94.0,48.71414801877361,50.853741255840696,17233.0,1.0
77.0,62.605186774811344,83.05485497490403,17234.0,2.0
154.0,62.605186774811344,51.59803411107142,17235.0,1.0
30.0,48.71414801877361,67.9517541552361,17236.0,1.0
24.0,145.9514193110378,125.91472591219264,17237.0,1.0
99.0,76.49622553084909,87.61006540072215,17238.0,0.0
7.0,62.605186774811344,71.6797806421783,17239.0,2.0
14.0,132.06038055500005,79.80759677310391,17242.0,1.0
17.0,90.38726428688683,65.04331325783566,17243.0,0.0
279.0,48.71414801877361,51.33899947468022,17244.0,1.0
13.0,62.605186774811344,66.06287358667144,17245.0,2.0
22.0,62.605186774811344,57.45567068866452,17247.0,1.0
123.0,48.71414801877361,54.04677487375628,17248.0,1.0
85.0,48.71414801877361,64.54389447887343,17250.0,1.0
301.0,62.605186774811344,55.449706464451026,17251.0,2.0
150.0,90.38726428688683,117.22601344860128,17252.0,1.0
16.0,145.9514193110378,276.17933696466923,17253.0,1.0
93.0,62.605186774811344,54.875685710208124,17254.0,1.0
156.0,76.49622553084909,72.19715915593034,17255.0,1.0
354.0,48.71414801877361,54.68365469976345,17256.0,1.0
45.0,48.71414801877361,53.54148464303583,17259.0,2.0
14.0,90.38726428688683,64.08143130803631,17262.0,1.0
3.0,243.18869060330204,140.20238569650104,17263.0,2.0
14.0,104.27830304292458,83.43442706209595,17265.0,1.0
178.0,48.71414801877361,50.352940958817705,17266.0,1.0
7.0,90.38726428688683,85.11538916251726,17267.0,1.0
34.99999999999999,76.49622553084909,68.27468400193713,17268.0,2.0
50.0,48.71414801877361,49.95368223926006,17272.0,1.0
311.0,48.71414801877361,54.15107948734313,17274.0,1.0
23.0,62.605186774811344,61.40128627017533,17277.0,2.0
302.0,62.605186774811344,60.63143533082068,17278.0,2.0
10.0,48.71414801877361,50.90727508069488,17279.0,1.0
16.0,76.49622553084909,68.22771238787152,17282.0,2.0
48.0,76.49622553084909,64.85715369914918,17284.0,1.0
238.0,62.605186774811344,58.77951037038117,17286.0,1.0
0.0,187.62453557915103,196.27198695119552,17287.0,1.0
12.0,145.9514193110378,189.16373114910567,17288.0,1.0
237.0,48.71414801877361,53.45134058957169,17289.0,1.0
22.0,132.06038055500005,73.78141499209895,17290.0,1.0
72.0,90.38726428688683,62.33657399730518,17293.0,0.0
16.0,76.49622553084909,61.34084485501739,17295.0,1.0
40.0,145.9514193110378,93.89666333617907,17297.0,1.0
38.99999999999999,90.38726428688683,70.33901736421743,17298.0,1.0
218.0,62.605186774811344,65.11860599214671,17299.0,1.0
198.0,76.49622553084909,61.350170101927475,17301.0,1.0
70.0,62.605186774811344,55.01383751628344,17302.0,1.0
23.0,312.64388438349073,186.4625179608182,17303.0,2.0
10.0,48.71414801877361,60.09298866664216,17306.0,1.0
151.0,104.27830304292458,69.83441789252737,17309.0,1.0
64.0,48.71414801877361,50.254507796989046,17311.0,1.0
3.0,48.71414801877361,54.87879412584482,17312.0,2.0
18.0,62.605186774811344,52.216263443258434,17313.0,1.0
14.0,48.71414801877361,57.01393028873872,17314.0,0.0
7.0,76.49622553084909,53.33874686762032,,
19.0,62.605186774811344,72.22306261956946,17320.0,1.0
77.0,62.605186774811344,54.59523754387525,17321.0,1.0
0.0,437.66323318783043,357.4447192318633,17323.0,1.0
306.0,62.605186774811344,63.81099914764391,17324.0,1.0
218.0,48.71414801877361,49.66563572359304,17325.0,2.0
148.0,90.38726428688683,65.05574692038243,17329.0,1.0
21.0,62.605186774811344,72.04830058488419,17330.0,1.0
114.0,76.49622553084909,70.56213253102905,17331.0,1.0
125.0,104.27830304292458,118.19894754288664,17333.0,1.0
4.0,201.51557433518877,100.265806975766,17334.0,2.0
34.99999999999999,48.71414801877361,57.72230367438986,17337.0,1.0
25.0,173.73349682311328,99.79367317850364,17338.0,0.0
0.0,76.49622553084909,83.6185143436913,17339.0,1.0
332.0,76.49622553084909,119.46234580944534,,
162.0,48.71414801877361,49.12338988474746,17341.0,2.0
184.0,62.605186774811344,74.65384364746451,17343.0,2.0
15.0,104.27830304292458,86.40607241077583,17344.0,1.0
11.0,76.49622553084909,74.43452765531995,17345.0,1.0
2.0,132.06038055500005,90.46842626842029,17346.0,0.0
184.0,48.71414801877361,48.962788410184906,17348.0,1.0
79.0,48.71414801877361,65.53547906697895,17349.0,2.0
29.0,118.16934179896232,218.27404358674917,17350.0,1.0
41.0,62.605186774811344,64.0026847785734,17351.0,1.0
10.0,201.51557433518877,193.97279551858716,17354.0,1.0
49.0,76.49622553084909,68.67808727567703,17356.0,2.0
15.0,118.16934179896232,103.59664702024169,17357.0,1.0
45.0,62.605186774811344,62.68437116909976,17358.0,2.0
60.0,48.71414801877361,71.79133822558411,17359.0,1.0
7.0,118.16934179896232,212.0765535662108,17360.0,1.0
71.0,48.71414801877361,51.47715128075553,17361.0,1.0
0.0,382.09907816367945,338.46991404693483,17362.0,2.0
127.0,76.49622553084909,64.16363163265113,17364.0,0.0
32.0,62.605186774811344,56.36634369776071,17365.0,0.0
312.0,48.71414801877361,60.868020298724645,17367.0,2.0
17.0,62.605186774811344,60.62832691518398,17368.0,1.0
87.0,48.71414801877361,58.4662511501054,17370.0,1.0
1.0,132.06038055500005,126.65314731566517,17371.0,1.0
1.0,62.605186774811344,55.46628468118007,17372.0,1.0
253.0,48.71414801877361,61.41199303514617,17373.0,1.0
247.0,62.605186774811344,48.77697423101362,17374.0,2.0
36.0,118.16934179896232,125.17561374968972,17375.0,2.0
147.0,76.49622553084909,136.29476186166096,17376.0,1.0
176.0,62.605186774811344,52.17136410628396,17377.0,0.0
38.99999999999999,62.605186774811344,66.69906265364824,17379.0,1.0
1.0,132.06038055500005,135.06106623340844,17381.0,2.0
10.0,187.62453557915103,237.7824601226435,17382.0,1.0
0.0,132.06038055500005,105.28382595193641,17383.0,1.0
17.0,62.605186774811344,64.80603753090132,17384.0,1.0
191.0,90.38726428688683,65.87015181719639,17385.0,1.0
203.0,48.71414801877361,52.54437398268729,17386.0,1.0
364.0,48.71414801877361,55.580950680222585,17387.0,1.0
126.0,90.38726428688683,56.35356465569874,17388.0,1.0
14.0,48.71414801877361,58.926987423366555,17389.0,0.0
42.0,62.605186774811344,69.13087982008886,17392.0,2.0
93.0,118.16934179896232,69.49318293152136,17394.0,2.0
22.0,76.49622553084909,72.66273074240412,17396.0,1.0
59.0,62.605186774811344,71.3326742294141,17397.0,1.0
15.0,104.27830304292458,113.49384240747682,17398.0,1.0
157.0,48.71414801877361,56.56804533463066,17400.0,1.0
9.0,62.605186774811344,74.35785340294817,17402.0,0.0
9.0,62.605186774811344,52.72742512573707,17403.0,1.0
15.0,104.27830304292458,112.61519692083785,17404.0,0.0
44.0,104.27830304292458,76.10650988834638,17405.0,1.0
190.0,76.49622553084909,72.52768735196551,17406.0,2.0
78.0,48.71414801877361,54.7088674043722,17408.0,2.0
77.0,48.71414801877361,65.67294011402387,17409.0,2.0
3.0,90.38726428688683,88.48491171269404,17410.0,1.0
64.0,76.49622553084909,62.29581921451296,17411.0,1.0
260.0,48.71414801877361,61.702802586934695,17412.0,1.0
58.0,62.605186774811344,60.481886000744154,17414.0,2.0
0.0,132.06038055500005,101.76889862586536,17415.0,1.0
0.0,173.73349682311328,131.63904599692304,17416.0,0.0
247.0,48.71414801877361,60.932606268064845,17418.0,1.0
7.0,62.605186774811344,65.1804289253654,17419.0,0.0
358.0,48.71414801877361,57.35723752683586,17420.0,1.0
75.0,48.71414801877361,56.13770245870607,17422.0,1.0
289.0,48.71414801877361,65.94855296714412,17423.0,1.0
16.0,76.49622553084909,87.29991459608308,17425.0,1.0
220.0,62.605186774811344,57.96337857599128,17426.0,0.0
8.0,90.38726428688683,70.75140050535222,17427.0,1.0
2.0,62.605186774811344,66.9504989407053,17428.0,0.0
205.0,159.84245806707554,130.1086693651238,17429.0,1.0
161.0,62.605186774811344,87.57069213599068,17430.0,1.0
75.0,48.71414801877361,58.43309471664733,17431.0,2.0
261.0,62.605186774811344,68.91121844842911,17432.0,1.0
280.0,48.71414801877361,61.3726197704147,17433.0,1.0
57.0,145.9514193110378,259.2001346184986,17434.0,1.0
24.0,48.71414801877361,58.649993052185565,17436.0,1.0
50.0,145.9514193110378,108.46857046148746,17438.0,2.0
71.0,48.71414801877361,52.84485416090108,17440.0,2.0
127.0,48.71414801877361,55.202069352061045,17442.0,1.0
30.0,90.38726428688683,70.0661675472187,17444.0,1.0
14.0,104.27830304292458,74.04286728509646,17446.0,2.0
308.0,48.71414801877361,53.31249802446601,17447.0,1.0
16.0,118.16934179896232,92.50133009481847,17449.0,0.0
53.0,48.71414801877361,66.40065475252557,17450.0,0.0
29.0,76.49622553084909,72.32736723315631,17451.0,1.0
1.0,104.27830304292458,72.54219329160341,17453.0,1.0
10.0,62.605186774811344,58.85031317099476,17454.0,2.0
360.0,48.71414801877361,53.00372873788769,17455.0,2.0
359.0,48.71414801877361,62.594917874666,17456.0,2.0
4.0,90.38726428688683,81.13489024997243,17457.0,1.0
53.0,90.38726428688683,80.43964128589845,17458.0,1.0
0.0,145.9514193110378,170.3692140711055,17459.0,1.0
0.0,173.73349682311328,128.77723133407304,17460.0,1.0
189.0,48.71414801877361,58.24313598329378,17461.0,1.0
53.0,48.71414801877361,55.710122618902986,17462.0,1.0
279.0,48.71414801877361,53.67376499735295,17463.0,1.0
176.0,48.71414801877361,50.63787905884803,17464.0,2.0
29.0,62.605186774811344,75.52454540525414,17466.0,1.0
25.0,48.71414801877361,51.196012355392284,17468.0,1.0
24.0,62.605186774811344,67.98974590190682,17469.0,1.0
269.0,48.71414801877361,53.89308098949749,17470.0,1.0
42.0,76.49622553084909,69.8333817539818,17472.0,2.0
233.0,48.71414801877361,51.56349615955259,17475.0,1.0
23.0,62.605186774811344,50.210989978075325,17480.0,1.0
196.0,76.49622553084909,57.22288489542762,17481.0,1.0
358.0,48.71414801877361,58.593350811694684,17483.0,1.0
59.0,90.38726428688683,78.36045660446504,17486.0,2.0
0.0,104.27830304292458,97.07450025542637,17489.0,1.0
19.0,62.605186774811344,64.68653621864617,17490.0,1.0
205.0,48.71414801877361,50.85892194856853,17491.0,0.0
13.0,76.49622553084909,66.69664499704191,17492.0,2.0
154.0,76.49622553084909,60.88079934078661,17495.0,1.0
18.0,48.71414801877361,53.2627633742789,17496.0,2.0
13.0,132.06038055500005,85.25595862519889,17498.0,1.0
23.0,76.49622553084909,63.67630113672048,17499.0,2.0
7.0,62.605186774811344,79.12167305594,17500.0,1.0
6.0,145.9514193110378,150.64320844064252,17501.0,2.0
331.0,48.71414801877361,59.4174263349339,17502.0,1.0
49.0,76.49622553084909,96.73395605345074,17503.0,1.0
70.0,90.38726428688683,55.82720627455181,17504.0,2.0
28.0,76.49622553084909,59.61567417665197,17505.0,2.0
242.0,48.71414801877361,54.40769646712802,17506.0,1.0
7.0,298.752845627453,168.77839602414826,17507.0,2.0
217.0,48.71414801877361,51.32173049892081,17508.0,2.0
4.0,76.49622553084909,63.499812204459275,17509.0,0.0
252.0,76.49622553084909,55.44625266929915,17510.0,1.0
0.0,382.09907816367945,359.00514388148395,,
235.0,48.71414801877361,51.97691543923296,17512.0,1.0
6.0,62.605186774811344,79.32510159038588,17513.0,1.0
108.0,90.38726428688683,79.58793540144417,17514.0,1.0
99.0,62.605186774811344,68.01392246796999,17515.0,1.0
59.0,90.38726428688683,123.80549321293785,17516.0,1.0
1.0,76.49622553084909,98.55030692382586,17517.0,2.0
72.0,132.06038055500005,122.26510057519816,17519.0,1.0
3.0,104.27830304292458,162.38749347510452,17520.0,1.0
84.0,62.605186774811344,82.29812845712654,17521.0,1.0
11.0,62.605186774811344,61.423735938662574,17522.0,1.0
22.0,132.06038055500005,94.90448076149846,17523.0,1.0
213.0,48.71414801877361,97.3915586503692,17524.0,2.0
17.0,48.71414801877361,53.094563550382205,17525.0,2.0
238.0,48.71414801877361,51.74136660987456,17526.0,1.0
1.0,118.16934179896232,203.87689849612605,17527.0,1.0
77.0,48.71414801877361,61.62854599116922,17528.0,0.0
216.0,62.605186774811344,58.31981023566557,17530.0,0.0
32.0,62.605186774811344,54.676056350429306,17531.0,2.0
40.0,104.27830304292458,86.17328661753893,17534.0,1.0
6.0,243.18869060330204,181.97603805852253,17535.0,2.0
52.0,118.16934179896232,111.12730196940677,17536.0,2.0
22.0,229.2976518472643,198.89445361002004,17537.0,1.0
56.0,48.71414801877361,61.467944516606664,17538.0,1.0
129.0,76.49622553084909,56.31246449339134,17540.0,1.0
5.0,76.49622553084909,81.55210870431986,17542.0,2.0
311.0,48.71414801877361,55.542958933551866,17545.0,1.0
59.0,48.71414801877361,50.80849653935104,17548.0,2.0
20.0,76.49622553084909,74.16513163347311,17549.0,1.0
32.0,48.71414801877361,66.19895311565563,17550.0,2.0
14.0,62.605186774811344,77.12779711475811,17551.0,2.0
17.0,90.38726428688683,118.694912526697,17552.0,1.0
80.0,48.71414801877361,50.61197559520891,17554.0,1.0
5.0,145.9514193110378,101.67875457240122,17555.0,1.0
169.0,62.605186774811344,65.38903815253911,17556.0,2.0
1.0,76.49622553084909,66.00692210521095,17557.0,1.0
30.0,90.38726428688683,93.75298545786076,17560.0,2.0
34.99999999999999,159.84245806707554,129.573331116582,17561.0,1.0
18.0,48.71414801877361,57.85838320337404,17562.0,1.0
30.0,62.605186774811344,66.89005752554735,17564.0,1.0
275.0,48.71414801877361,51.7430935074505,17566.0,1.0
86.0,48.71414801877361,51.9434136262597,17567.0,0.0
119.0,62.605186774811344,71.04255543665595,17569.0,2.0
372.0,48.71414801877361,51.50305474439465,17571.0,1.0
0.0,187.62453557915103,137.6272360312573,17572.0,1.0
218.0,76.49622553084909,82.8234506997279,17573.0,1.0
64.0,48.71414801877361,52.591345596752895,17574.0,2.0
60.0,90.38726428688683,110.07769362274962,17576.0,0.0
137.0,48.71414801877361,77.99159128224397,17578.0,2.0
20.0,48.71414801877361,53.73178875590457,17579.0,1.0
11.0,173.73349682311328,178.09604458489753,17580.0,2.0
24.0,201.51557433518877,209.4026253596232,17581.0,0.0
36.0,90.38726428688683,73.94477950278299,17582.0,2.0
276.0,48.71414801877361,52.05566196869589,17584.0,1.0
10.0,132.06038055500005,123.85971779682242,17585.0,1.0
72.0,104.27830304292458,101.74541281883256,17588.0,1.0
25.0,62.605186774811344,57.25949512403758,17589.0,1.0
16.0,201.51557433518877,148.10950431722136,17590.0,1.0
140.0,48.71414801877361,54.76516426534788,17591.0,1.0
25.0,132.06038055500005,110.26454394046647,17593.0,1.0
18.0,62.605186774811344,67.46960435203327,17594.0,1.0
3.0,62.605186774811344,52.69565021033975,17595.0,1.0
65.0,104.27830304292458,117.80625103411757,17596.0,1.0
0.0,62.605186774811344,60.006298408329904,17597.0,2.0
42.0,132.06038055500005,78.40708283901546,17600.0,1.0
227.0,48.71414801877361,55.1001823950805,17601.0,2.0
15.0,90.38726428688683,93.82033446332247,17602.0,0.0
49.0,62.605186774811344,140.63238319291045,17603.0,1.0
1.0,118.16934179896232,97.08797005651871,17604.0,2.0
73.0,62.605186774811344,57.36656277374594,17608.0,1.0
3.0,118.16934179896232,93.74469634949624,17609.0,1.0
1.0,382.09907816367945,186.66870953138562,17611.0,0.0
263.0,48.71414801877361,58.29183449493532,17612.0,1.0
52.0,62.605186774811344,100.51102643154967,17613.0,0.0
23.0,48.71414801877361,54.36452402772949,17614.0,1.0
9.0,118.16934179896232,132.4095876953081,17615.0,1.0
43.0,48.71414801877361,56.26445674078016,17618.0,1.0
16.0,132.06038055500005,137.7567533494529,17619.0,2.0
6.0,132.06038055500005,241.44210146557845,17620.0,1.0
29.0,243.18869060330204,210.6304495361175,17621.0,1.0
357.0,62.605186774811344,58.02554688872517,17623.0,1.0
126.0,90.38726428688683,69.64894909287126,17624.0,1.0
136.0,48.71414801877361,54.91954890863704,17625.0,1.0
141.0,48.71414801877361,56.6965265142807,17628.0,1.0
131.0,62.605186774811344,68.99272801401355,17629.0,1.0
37.0,145.9514193110378,116.16777061406441,17630.0,2.0
235.0,48.71414801877361,59.702364434964224,17631.0,1.0
260.0,48.71414801877361,53.34738135550002,17633.0,1.0
16.0,90.38726428688683,126.27392060798843,17634.0,0.0
252.0,48.71414801877361,62.43086260495157,17636.0,1.0
29.0,90.38726428688683,83.69035328285045,17637.0,1.0
34.0,76.49622553084909,75.58256916380577,17639.0,2.0
168.0,62.605186774811344,75.7500782286721,17640.0,1.0
2.0,159.84245806707554,110.9763711212695,17642.0,1.0
184.0,62.605186774811344,49.73643852420665,17643.0,2.0
187.0,62.605186774811344,57.22012185930611,17644.0,0.0
169.0,48.71414801877361,52.74296720392055,17646.0,2.0
10.0,62.605186774811344,61.296290897558094,17647.0,1.0
44.0,48.71414801877361,66.05596599636768,17648.0,1.0
320.0,48.71414801877361,53.280032350038304,17649.0,1.0
28.0,173.73349682311328,210.9316204733617,17650.0,1.0
231.0,48.71414801877361,52.808589311806315,17651.0,0.0
37.0,243.18869060330204,220.78633418022866,17652.0,0.0
25.0,90.38726428688683,85.46042329819035,17653.0,1.0
95.0,90.38726428688683,115.2466434470573,17654.0,2.0
172.0,62.605186774811344,53.656496021593526,17655.0,1.0
70.0,76.49622553084909,83.67342968660623,17656.0,1.0
15.0,187.62453557915103,158.46467294159612,17658.0,1.0
14.0,48.71414801877361,84.61458886549427,17659.0,0.0
3.0,76.49622553084909,146.15016632755828,17660.0,1.0
2.0,215.40661309122657,193.2685666871183,17663.0,1.0
78.0,90.38726428688683,90.82658482567052,17664.0,1.0
372.0,48.71414801877361,58.49422689083565,17666.0,1.0
38.0,62.605186774811344,69.93803174708384,17667.0,1.0
53.0,76.49622553084909,71.71328245515157,17668.0,1.0
8.0,76.49622553084909,61.03173018892389,17669.0,1.0
8.0,62.605186774811344,52.74952941470913,17670.0,2.0
18.0,90.38726428688683,111.04855543994384,17671.0,1.0
11.0,132.06038055500005,123.88769353755266,17672.0,1.0
112.0,62.605186774811344,60.26049773150847,17673.0,1.0
3.0,118.16934179896232,103.7144214349209,17674.0,1.0
239.0,48.71414801877361,51.80353492260845,,
112.0,48.71414801877361,50.461735506102016,17676.0,1.0
177.0,62.605186774811344,70.64571437370462,17677.0,0.0
4.0,159.84245806707554,88.63377028374019,17678.0,2.0
0.0,104.27830304292458,85.64761899542239,17679.0,1.0
0.0,451.55427194386823,219.8393035495824,17680.0,1.0
18.0,145.9514193110378,167.38306278278768,17682.0,1.0
16.0,76.49622553084909,73.10447114232993,17684.0,1.0
21.0,62.605186774811344,55.82720627455181,17685.0,0.0
32.0,48.71414801877361,65.97411105126805,17686.0,0.0
262.0,48.71414801877361,48.51379504044016,17690.0,0.0
50.0,62.605186774811344,76.27609123030382,17691.0,2.0
158.0,76.49622553084909,60.8396991784792,17692.0,1.0
14.0,48.71414801877361,57.362418219563686,17693.0,1.0
7.0,76.49622553084909,113.27383565630188,17694.0,1.0
12.0,173.73349682311328,179.62607583718153,17695.0,1.0
198.0,104.27830304292458,84.66363275665101,17696.0,1.0
56.0,62.605186774811344,56.48549963050066,17697.0,2.0
10.0,62.605186774811344,54.308227166753795,17698.0,2.0
96.0,90.38726428688683,89.31589482623703,17700.0,1.0
254.0,48.71414801877361,49.943666233319604,17701.0,2.0
24.0,76.49622553084909,70.99316616598402,17702.0,1.0
20.0,76.49622553084909,70.48027758592943,17703.0,1.0
158.0,62.605186774811344,54.48955141222764,17704.0,2.0
71.0,62.605186774811344,57.786198884699694,17705.0,0.0
52.0,48.71414801877361,52.55266309105181,,
84.0,62.605186774811344,57.10062054705097,17707.0,2.0
152.0,90.38726428688683,111.00641913909088,17708.0,2.0
129.0,48.71414801877361,48.57250955802216,17709.0,2.0
280.0,48.71414801877361,55.79784901576082,17711.0,1.0
26.0,229.2976518472643,113.87859518739654,17712.0,1.0
29.0,48.71414801877361,51.660202423805316,17714.0,2.0
24.0,48.71414801877361,57.138612293721685,17716.0,0.0
179.0,62.605186774811344,59.33902518498616,17718.0,2.0
38.99999999999999,90.38726428688683,72.09976213264724,17719.0,0.0
21.0,76.49622553084909,74.95017927149604,17720.0,1.0
21.0,173.73349682311328,151.92767485762772,17722.0,1.0
36.0,159.84245806707554,83.10735266121266,17723.0,2.0
81.0,76.49622553084909,90.30195334209955,17724.0,1.0
73.0,48.71414801877361,55.31190003789091,17725.0,0.0
10.0,48.71414801877361,63.36891336820292,17727.0,1.0
15.0,90.38726428688683,85.08430500615033,17728.0,1.0
12.0,90.38726428688683,73.28303235168227,17730.0,0.0
13.0,104.27830304292458,108.35010528777788,17731.0,1.0
36.0,90.38726428688683,49.25843327518607,17732.0,2.0
3.0,76.49622553084909,61.38539881247668,17733.0,1.0
71.0,132.06038055500005,99.89279709936267,17734.0,1.0
50.0,48.71414801877361,56.14115625385795,,
4.0,104.27830304292458,113.57431583451567,17736.0,1.0
22.0,90.38726428688683,107.957754158524,17737.0,1.0
298.0,48.71414801877361,74.9781550122263,17738.0,1.0
1.0,76.49622553084909,61.76600703821415,17739.0,1.0
32.0,48.71414801877361,49.218369251424235,17742.0,1.0
49.0,48.71414801877361,53.12564770674915,17744.0,1.0
2.0,76.49622553084909,58.4897369571382,17746.0,2.0
46.0,48.71414801877361,51.802153404547695,17747.0,1.0
41.0,145.9514193110378,103.02780695872661,17749.0,2.0
26.0,104.27830304292458,131.25498397603369,17750.0,1.0
41.0,48.71414801877361,59.6971837422364,17754.0,1.0
302.0,48.71414801877361,55.092584045746364,17757.0,0.0
106.0,48.71414801877361,49.77650254796848,17758.0,0.0
84.0,48.71414801877361,118.2148350005853,17759.0,1.0
80.0,145.9514193110378,71.7125916961212,17760.0,1.0
217.0,90.38726428688683,66.06943579746002,17761.0,1.0
11.0,62.605186774811344,51.944795144320445,17763.0,2.0
184.0,62.605186774811344,58.7460085574079,17764.0,1.0
372.0,48.71414801877361,55.21312149654707,17765.0,2.0
1.0,76.49622553084909,53.478625571271564,17767.0,1.0
3.0,76.49622553084909,64.40125273910067,17768.0,1.0
5.0,173.73349682311328,168.63886270001223,17769.0,0.0
304.0,48.71414801877361,52.30640749672257,17770.0,2.0
368.0,48.71414801877361,56.726919911617266,17771.0,1.0
2.0,145.9514193110378,115.2466434470573,17772.0,1.0
323.0,48.71414801877361,59.42433392523767,17774.0,1.0
58.0,118.16934179896232,151.3830113621758,17775.0,2.0
12.0,76.49622553084909,66.94946280215973,17777.0,1.0
30.0,312.64388438349073,335.3279965972671,17779.0,1.0
142.0,48.71414801877361,54.71853803079746,17781.0,2.0
29.0,104.27830304292458,58.14884737564738,17783.0,1.0
106.0,104.27830304292458,62.784185848989175,17785.0,1.0
1.0,187.62453557915103,98.95405557708095,17786.0,1.0
204.0,48.71414801877361,52.53470335626202,17787.0,2.0
79.0,104.27830304292458,89.8847348877521,17788.0,1.0
184.0,118.16934179896232,71.24045789885882,17789.0,2.0
169.0,48.71414801877361,56.20228842804627,17790.0,0.0
43.0,48.71414801877361,57.138957673236874,17791.0,1.0
173.0,48.71414801877361,54.16144087279878,17793.0,1.0
364.0,48.71414801877361,63.03769441313736,17795.0,2.0
303.0,48.71414801877361,52.60136160269336,17796.0,1.0
2.0,90.38726428688683,71.19728545946029,17797.0,1.0
3.0,90.38726428688683,67.9603886431158,17799.0,0.0
11.0,48.71414801877361,54.564498767023494,17800.0,1.0
31.000000000000007,76.49622553084909,71.3264573981407,17802.0,1.0
128.0,48.71414801877361,51.841526669279155,17805.0,1.0
59.0,118.16934179896232,66.91457947112572,17806.0,1.0
211.0,62.605186774811344,55.03697794380105,17809.0,1.0
322.0,62.605186774811344,68.26846717066374,,
161.0,48.71414801877361,55.03663256428586,17812.0,1.0
56.0,62.605186774811344,53.25585578397513,17813.0,1.0
224.0,48.71414801877361,51.14731384375073,17816.0,1.0
71.0,145.9514193110378,86.67166925795561,17817.0,1.0
43.0,48.71414801877361,51.14420542811404,17819.0,1.0
172.0,76.49622553084909,67.56492909822524,17824.0,1.0
84.0,62.605186774811344,52.766798390468544,17827.0,1.0
158.0,48.71414801877361,52.43178026073591,17828.0,1.0
189.0,62.605186774811344,51.870883928070164,17829.0,2.0
28.0,48.71414801877361,51.80802485630589,17830.0,1.0
20.0,48.71414801877361,54.61561493527136,17831.0,1.0
156.0,76.49622553084909,61.49971943200399,17832.0,1.0
246.0,48.71414801877361,50.51354243338026,17835.0,1.0
373.0,48.71414801877361,56.19503545822733,17836.0,1.0
8.0,48.71414801877361,59.612565761015276,17837.0,1.0
309.0,104.27830304292458,58.389231518218416,17838.0,1.0
58.0,62.605186774811344,60.3686015197624,17839.0,1.0
3.0,48.71414801877361,57.443582405632924,,
44.0,76.49622553084909,59.78283786200309,17843.0,2.0
87.0,48.71414801877361,77.50080699116144,17844.0,1.0
3.0,270.9707681153775,189.34643691264029,17846.0,1.0
63.0,90.38726428688683,76.5420334569988,17848.0,1.0
11.0,90.38726428688683,79.04465342405301,17849.0,2.0
132.0,62.605186774811344,59.36320175104934,,
44.0,62.605186774811344,54.36659630482061,17852.0,1.0
10.0,76.49622553084909,67.71689608490807,17854.0,2.0
34.99999999999999,104.27830304292458,72.4278726720761,17855.0,2.0
133.0,62.605186774811344,58.9580715797335,17856.0,1.0
28.0,76.49622553084909,93.98542587158246,17857.0,1.0
58.0,48.71414801877361,59.63950536319996,17858.0,0.0
137.0,62.605186774811344,53.03101371958756,17859.0,2.0
4.0,48.71414801877361,61.46000078775734,17860.0,2.0
8.0,104.27830304292458,98.89085112580149,17861.0,0.0
159.0,48.71414801877361,51.41981828123428,17862.0,2.0
244.0,48.71414801877361,112.5077838916143,17863.0,1.0
7.0,48.71414801877361,48.061347875543525,17864.0,1.0
232.0,62.605186774811344,53.16191255584392,17865.0,0.0
36.0,48.71414801877361,52.71637298125105,17866.0,1.0
7.0,118.16934179896232,73.03919441395934,17867.0,1.0
71.0,76.49622553084909,64.24928575241782,17869.0,1.0
38.99999999999999,76.49622553084909,56.95417963261115,17870.0,0.0
4.0,201.51557433518877,122.97623699697081,17871.0,2.0
218.0,76.49622553084909,61.60713246122755,17873.0,1.0
248.0,48.71414801877361,48.4360846495228,17874.0,2.0
65.0,48.71414801877361,51.320003601344865,17877.0,2.0
116.0,48.71414801877361,52.698413246461264,17878.0,1.0
170.0,48.71414801877361,50.54393583071682,17879.0,2.0
141.0,48.71414801877361,51.1866871084822,17880.0,2.0
31.000000000000007,62.605186774811344,63.59099239646898,17881.0,2.0
37.0,229.2976518472643,137.65797480810906,17883.0,1.0
150.0,62.605186774811344,54.38282914203447,17884.0,1.0
371.0,48.71414801877361,52.246311461079806,17885.0,1.0
373.0,48.71414801877361,57.57482662140447,17886.0,1.0
165.0,62.605186774811344,52.41658356206763,17887.0,1.0
210.0,48.71414801877361,60.37516373055098,17888.0,1.0
241.0,48.71414801877361,52.694268692279,17889.0,2.0
51.0,48.71414801877361,59.43745834681482,17890.0,2.0
24.0,76.49622553084909,73.34485528490096,17891.0,2.0
14.0,215.40661309122657,202.47880221864392,17892.0,1.0
371.0,48.71414801877361,60.19418486459233,17893.0,2.0
28.0,48.71414801877361,54.92196656524335,17894.0,1.0
364.0,48.71414801877361,53.01754391849523,17895.0,1.0
34.99999999999999,90.38726428688683,71.62417454023299,17897.0,2.0
165.0,76.49622553084909,56.169131994588206,17898.0,1.0
144.0,48.71414801877361,53.26898020555228,17899.0,2.0
21.0,48.71414801877361,69.61475652086763,17900.0,2.0
55.0,48.71414801877361,48.71411515924935,17901.0,1.0
184.0,48.71414801877361,52.276014099386,17904.0,1.0
11.0,132.06038055500005,54.94199857712428,17905.0,2.0
236.0,76.49622553084909,68.22943928544747,17906.0,2.0
224.0,62.605186774811344,51.219843541940264,17908.0,2.0
121.0,90.38726428688683,68.14274902713521,17911.0,1.0
281.0,48.71414801877361,48.81082142350207,17912.0,2.0
73.0,145.9514193110378,100.46267329942332,17913.0,1.0
36.0,62.605186774811344,61.19129552494086,17914.0,1.0
11.0,62.605186774811344,60.230104334171905,17917.0,1.0
361.0,48.71414801877361,53.848872411553394,17919.0,1.0
3.0,62.605186774811344,56.62054302093928,17920.0,0.0
22.0,48.71414801877361,57.49642547145673,17921.0,1.0
69.0,90.38726428688683,56.12699569373524,17924.0,1.0
234.0,48.71414801877361,56.88372221151273,17926.0,1.0
256.0,48.71414801877361,54.03295969314874,17928.0,1.0
372.0,48.71414801877361,51.545881804278,17929.0,1.0
154.0,62.605186774811344,52.479097254316706,17930.0,1.0
27.0,48.71414801877361,53.743531659420974,17931.0,1.0
3.0,48.71414801877361,52.14131608846258,17932.0,1.0
31.000000000000007,104.27830304292458,91.84856281111263,17934.0,1.0
107.0,62.605186774811344,52.21419116616731,17935.0,1.0
51.0,48.71414801877361,49.323710003556656,17936.0,1.0
34.99999999999999,48.71414801877361,69.16956232578994,17937.0,1.0
152.0,48.71414801877361,51.26232522230842,17939.0,2.0
98.0,48.71414801877361,51.97829695729371,17940.0,2.0
3.0,62.605186774811344,52.90529557605903,17942.0,1.0
333.0,48.71414801877361,50.53426520429155,17946.0,2.0
64.0,48.71414801877361,50.619573944543056,17947.0,1.0
21.0,62.605186774811344,59.98177646275153,17949.0,1.0
34.99999999999999,76.49622553084909,57.98893666011521,17950.0,1.0
31.000000000000007,76.49622553084909,62.00500966272443,17951.0,1.0
153.0,118.16934179896232,50.41407313300603,17954.0,0.0
18.0,62.605186774811344,60.332682050182825,17955.0,2.0
11.0,326.5349231395285,161.2625923941363,17956.0,2.0
53.0,48.71414801877361,53.69621466584018,17957.0,1.0
24.0,76.49622553084909,67.32005502195675,17958.0,1.0
3.0,173.73349682311328,120.13169130988021,17960.0,2.0
44.0,48.71414801877361,54.53721378532362,,
202.0,62.605186774811344,51.310332974919596,17962.0,1.0
358.0,48.71414801877361,50.565349360658495,17964.0,1.0
70.0,48.71414801877361,58.357801982336284,17965.0,0.0
6.0,173.73349682311328,276.1088795435709,17966.0,2.0
287.0,48.71414801877361,60.555451837479254,17967.0,2.0
9.0,48.71414801877361,48.23610991022879,17968.0,2.0
22.0,76.49622553084909,58.58022639011753,17969.0,2.0
21.0,173.73349682311328,105.87753333854505,17970.0,2.0
172.0,76.49622553084909,66.24557935020604,17972.0,2.0
132.0,48.71414801877361,49.653547440561454,17973.0,1.0
5.0,229.2976518472643,129.35021594977036,17974.0,1.0
74.0,48.71414801877361,58.9787943506448,17975.0,0.0
38.99999999999999,48.71414801877361,61.68415209311453,17976.0,2.0
288.0,48.71414801877361,51.50823543712247,17977.0,1.0
25.0,104.27830304292458,117.81592166054284,17978.0,2.0
257.0,62.605186774811344,62.087209987339236,17979.0,1.0
185.0,48.71414801877361,56.541796491476354,17980.0,2.0
113.0,187.62453557915103,84.80627449642377,17984.0,2.0
373.0,48.71414801877361,58.30185050087578,17985.0,1.0
22.0,173.73349682311328,136.3849059151251,17986.0,1.0
7.0,187.62453557915103,132.73631671667619,17987.0,2.0
216.0,62.605186774811344,56.962814120490854,17988.0,1.0
44.0,76.49622553084909,69.08149054941694,17990.0,2.0
34.99999999999999,76.49622553084909,59.33557138983428,17991.0,2.0
25.0,48.71414801877361,70.63915216291605,17994.0,1.0
329.0,62.605186774811344,71.82518541807256,17995.0,2.0
273.0,48.71414801877361,51.495801774575696,17997.0,1.0
97.0,48.71414801877361,77.44969082291357,17999.0,1.0
60.0,48.71414801877361,53.786704098819506,18001.0,1.0
1.0,159.84245806707554,194.92776987808276,18004.0,2.0
119.0,62.605186774811344,61.76255324306226,18005.0,1.0
81.0,118.16934179896232,111.368031491493,18006.0,1.0
312.0,62.605186774811344,58.8285542615379,18008.0,1.0
11.0,76.49622553084909,78.10349424516497,18009.0,2.0
7.0,118.16934179896232,126.19793711464702,18010.0,2.0
126.0,48.71414801877361,53.80880838779155,18011.0,2.0
10.0,62.605186774811344,55.72013862484345,18013.0,2.0
0.0,229.2976518472643,265.1893607913785,18014.0,1.0
36.0,48.71414801877361,74.0594455018255,18015.0,1.0
37.0,48.71414801877361,51.91509250601426,18016.0,1.0
329.0,48.71414801877361,60.05292464288033,18018.0,1.0
253.0,48.71414801877361,57.35551062925992,18019.0,1.0
1.0,395.9901169197172,289.07649882082967,18022.0,1.0
19.0,48.71414801877361,56.15704371155661,18024.0,2.0
11.0,62.605186774811344,58.908682309061575,18027.0,1.0
289.0,48.71414801877361,55.597528896951616,18030.0,1.0
67.0,145.9514193110378,95.4360198353732,18032.0,2.0
25.0,48.71414801877361,55.7923229435178,18033.0,1.0
10.0,395.9901169197172,236.59711762651736,18034.0,1.0
367.0,48.71414801877361,53.55495444412818,18035.0,1.0
213.0,48.71414801877361,51.83461907897539,18036.0,1.0
148.0,62.605186774811344,69.94804775302431,18037.0,2.0
7.0,118.16934179896232,109.3565411950365,18040.0,1.0
23.0,62.605186774811344,61.43651498072454,18041.0,0.0
29.0,90.38726428688683,85.32123535356948,18042.0,1.0
60.0,48.71414801877361,55.13921028029677,18043.0,1.0
18.0,76.49622553084909,59.80390601242958,18044.0,0.0
242.0,48.71414801877361,51.882972211101745,18045.0,1.0
14.0,76.49622553084909,83.096991275757,18048.0,2.0
28.0,90.38726428688683,55.11917826841586,18050.0,2.0
62.0,76.49622553084909,75.08487728241948,18053.0,1.0
294.0,48.71414801877361,53.267944067006724,18055.0,0.0
17.0,118.16934179896232,155.50753353255413,18056.0,2.0
215.0,48.71414801877361,52.63762645178812,18058.0,1.0
116.0,62.605186774811344,82.53920335872795,18059.0,1.0
30.0,187.62453557915103,93.7429694519203,18061.0,0.0
12.0,90.38726428688683,145.63002477768475,18062.0,2.0
140.0,62.605186774811344,53.53388629370169,18064.0,1.0
45.0,62.605186774811344,53.101816520201155,18065.0,0.0
50.0,76.49622553084909,59.862965909526764,18066.0,1.0
31.000000000000007,76.49622553084909,67.56423833919486,18067.0,1.0
134.0,62.605186774811344,70.56109639248349,18068.0,2.0
2.0,62.605186774811344,61.78293063445838,18069.0,1.0
74.0,76.49622553084909,60.134434208464754,18071.0,2.0
12.0,62.605186774811344,73.3790478569046,18072.0,2.0
8.0,62.605186774811344,63.655232986293996,18073.0,1.0
300.0,48.71414801877361,66.30602076536398,18074.0,2.0
56.0,62.605186774811344,69.31462172216902,18075.0,0.0
14.0,104.27830304292458,101.54923725420562,18077.0,0.0
36.0,48.71414801877361,61.798818092157035,18078.0,2.0
176.0,48.71414801877361,54.131738234492595,18079.0,1.0
22.0,76.49622553084909,95.82595330802077,18081.0,1.0
175.0,118.16934179896232,87.06436576672469,18082.0,1.0
60.0,48.71414801877361,54.99484164294808,18085.0,2.0
32.0,76.49622553084909,71.5060547460386,18086.0,2.0
58.0,104.27830304292458,86.71380555880859,18087.0,1.0
30.0,257.0797293593398,226.28063150784368,18088.0,1.0
86.0,90.38726428688683,78.56112210278943,18092.0,0.0
357.0,48.71414801877361,64.44787897365109,18093.0,1.0
30.0,118.16934179896232,92.1704565192681,18094.0,1.0
128.0,90.38726428688683,101.97750785303907,18095.0,2.0
8.0,104.27830304292458,98.36898267835201,18096.0,1.0
4.0,118.16934179896232,105.86855347115015,18097.0,1.0
23.0,48.71414801877361,61.2168536090648,18099.0,1.0
226.0,62.605186774811344,68.38935000097965,18101.0,1.0
248.0,48.71414801877361,58.503897517260924,18102.0,0.0
14.0,76.49622553084909,97.886487495634,18104.0,1.0
77.0,62.605186774811344,85.6503820315439,18105.0,1.0
191.0,62.605186774811344,57.820391456703334,18106.0,2.0
261.0,48.71414801877361,52.70670235482578,18108.0,2.0
71.0,48.71414801877361,77.55917612922826,18109.0,0.0
164.0,48.71414801877361,56.41469682988706,18110.0,1.0
94.0,62.605186774811344,71.79686429782713,18112.0,1.0
3.0,270.9707681153775,126.14267639221688,18114.0,2.0
105.0,48.71414801877361,53.65304222644164,18116.0,1.0
199.0,76.49622553084909,96.24489865994414,18117.0,1.0
156.0,48.71414801877361,53.53630395030801,18118.0,0.0
70.0,76.49622553084909,116.8540397107435,18119.0,2.0
34.99999999999999,62.605186774811344,65.86428036543819,18120.0,2.0
28.0,48.71414801877361,52.79995482392661,18121.0,2.0
1.0,118.16934179896232,131.54924732297408,18122.0,1.0
25.0,104.27830304292458,68.72091433556038,18123.0,1.0
325.0,48.71414801877361,56.5756436839648,18125.0,1.0
236.0,48.71414801877361,56.025108736754696,18126.0,1.0
88.0,48.71414801877361,58.33431617530348,18127.0,1.0
30.0,48.71414801877361,64.63438391185275,18129.0,2.0
28.0,62.605186774811344,65.80591122737137,18130.0,1.0
210.0,62.605186774811344,58.32257327178708,18135.0,1.0
2.0,173.73349682311328,119.4813416827807,18136.0,1.0
21.0,104.27830304292458,82.03529464606825,18138.0,2.0
92.0,48.71414801877361,62.35384297306459,18139.0,0.0
4.0,229.2976518472643,253.5697577618994,18142.0,2.0
263.0,48.71414801877361,53.48553316157533,18143.0,1.0
2.0,201.51557433518877,207.80835351751415,18144.0,0.0
43.0,187.62453557915103,206.68068940042446,18145.0,1.0
217.0,48.71414801877361,51.2336587225478,18146.0,1.0
56.0,62.605186774811344,74.93187415719107,18147.0,1.0
11.0,312.64388438349073,239.83677747898335,18149.0,1.0
8.0,132.06038055500005,118.20792741028154,18150.0,1.0
191.0,104.27830304292458,116.84954977704606,18151.0,1.0
81.0,90.38726428688683,68.47569487977671,18154.0,1.0
325.0,48.71414801877361,63.19242443594172,18155.0,1.0
71.0,76.49622553084909,104.64763688495961,18156.0,1.0
29.0,118.16934179896232,78.46648811562784,18158.0,1.0
2.0,104.27830304292458,79.9992824040334,18159.0,2.0
218.0,104.27830304292458,101.93053623897347,18160.0,1.0
45.0,48.71414801877361,52.333001719392065,18161.0,1.0
9.0,270.9707681153775,119.59600768182321,18164.0,1.0
71.0,90.38726428688683,112.72917216084997,18165.0,2.0
6.0,132.06038055500005,135.72833945675217,18167.0,1.0
23.0,62.605186774811344,54.51303721926044,18168.0,2.0
122.0,62.605186774811344,75.04377712011207,18169.0,1.0
16.0,48.71414801877361,50.81609488868518,18170.0,1.0
309.0,48.71414801877361,59.25060802909797,18171.0,1.0
50.0,62.605186774811344,66.18582869407845,18172.0,0.0
88.0,48.71414801877361,51.56349615955259,18173.0,1.0
38.0,145.9514193110378,124.65996213351363,18176.0,2.0
24.0,76.49622553084909,124.10355573454535,18177.0,1.0
172.0,118.16934179896232,131.70052355062654,18178.0,1.0
42.0,62.605186774811344,59.194311168122276,18179.0,1.0
139.0,48.71414801877361,53.158458760692035,18180.0,1.0
25.0,76.49622553084909,83.9980864308832,18181.0,1.0
71.0,62.605186774811344,75.67823928951293,18183.0,2.0
133.0,48.71414801877361,48.87644353138784,18185.0,2.0
365.0,48.71414801877361,53.81882439373201,18188.0,1.0
37.0,62.605186774811344,57.77514674021367,18189.0,1.0
2.0,118.16934179896232,147.3772997450222,18190.0,2.0
1.0,62.605186774811344,51.518596822578125,18191.0,2.0
29.0,48.71414801877361,54.07164219884983,18192.0,1.0
43.0,48.71414801877361,58.787454099230494,18193.0,2.0
57.0,48.71414801877361,51.80802485630589,18196.0,1.0
73.0,48.71414801877361,54.0018755367818,18198.0,0.0
277.0,48.71414801877361,54.23327981195794,18200.0,1.0
180.0,48.71414801877361,50.787083009409365,18202.0,2.0
7.0,62.605186774811344,53.66443975044285,18203.0,2.0
3.0,257.0797293593398,120.34858964541844,18204.0,1.0
42.0,76.49622553084909,82.35269842052628,18205.0,1.0
